arquivo,classe,objeto,fundo,local,iluminacao,numero
photo_0001.jpg,escova,1,piso_textura,fora,dia,1
photo_0002.jpg,escova,1,piso_textura,fora,dia,2
photo_1548.jpg,escova,1,piso_textura,fora,dia,3
photo_0003.jpg,escova,2,piso_textura,fora,dia,1
photo_0004.jpg,escova,2,piso_textura,fora,dia,2
photo_0005.jpg,escova,2,piso_textura,fora,dia,3
photo_0006.jpg,escova,3,piso_textura,fora,dia,1
photo_0007.jpg,escova,3,piso_textura,fora,dia,2
photo_0008.jpg,escova,3,piso_textura,fora,dia,3
photo_0009.jpg,escova,4,piso_textura,fora,dia,1
photo_0010.jpg,escova,4,piso_textura,fora,dia,2
photo_0011.jpg,escova,4,piso_textura,fora,dia,3
photo_0012.jpg,escova,5,piso_textura,fora,dia,1
photo_0013.jpg,escova,5,piso_textura,fora,dia,2
photo_0014.jpg,escova,5,piso_textura,fora,dia,3
photo_0015.jpg,escova,1,toalha_marrom,fora,dia,1
photo_0016.jpg,escova,1,toalha_marrom,fora,dia,2
photo_0017.jpg,escova,1,toalha_marrom,fora,dia,3
photo_0018.jpg,escova,2,toalha_marrom,fora,dia,1
photo_0019.jpg,escova,2,toalha_marrom,fora,dia,2
photo_0020.jpg,escova,2,toalha_marrom,fora,dia,3
photo_0021.jpg,escova,3,toalha_marrom,fora,dia,1
photo_0022.jpg,escova,3,toalha_marrom,fora,dia,2
photo_0023.jpg,escova,3,toalha_marrom,fora,dia,3
photo_0024.jpg,escova,4,toalha_marrom,fora,dia,1
photo_0025.jpg,escova,4,toalha_marrom,fora,dia,2
photo_0026.jpg,escova,4,toalha_marrom,fora,dia,3
photo_0027.jpg,escova,5,toalha_marrom,fora,dia,1
photo_0028.jpg,escova,5,toalha_marrom,fora,dia,2
photo_0029.jpg,escova,5,toalha_marrom,fora,dia,3
photo_0030.jpg,escova,1,toalha_amarela,fora,dia,1
photo_0031.jpg,escova,1,toalha_amarela,fora,dia,2
photo_0032.jpg,escova,1,toalha_amarela,fora,dia,3
photo_0033.jpg,escova,2,toalha_amarela,fora,dia,1
photo_0034.jpg,escova,2,toalha_amarela,fora,dia,2
photo_0035.jpg,escova,2,toalha_amarela,fora,dia,3
photo_0036.jpg,escova,3,toalha_amarela,fora,dia,1
photo_0037.jpg,escova,3,toalha_amarela,fora,dia,2
photo_0038.jpg,escova,3,toalha_amarela,fora,dia,3
photo_0039.jpg,escova,4,toalha_amarela,fora,dia,1
photo_0040.jpg,escova,4,toalha_amarela,fora,dia,2
photo_0041.jpg,escova,4,toalha_amarela,fora,dia,3
photo_0042.jpg,escova,5,toalha_amarela,fora,dia,1
photo_0043.jpg,escova,5,toalha_amarela,fora,dia,2
photo_0044.jpg,escova,5,toalha_amarela,fora,dia,3
photo_0045.jpg,caneca,1,piso_textura,fora,dia,1
photo_0046.jpg,caneca,1,piso_textura,fora,dia,2
photo_0047.jpg,caneca,1,piso_textura,fora,dia,3
photo_0048.jpg,caneca,2,piso_textura,fora,dia,1
photo_0049.jpg,caneca,2,piso_textura,fora,dia,2
photo_0050.jpg,caneca,2,piso_textura,fora,dia,3
photo_0051.jpg,caneca,3,piso_textura,fora,dia,1
photo_0052.jpg,caneca,3,piso_textura,fora,dia,2
photo_0053.jpg,caneca,3,piso_textura,fora,dia,3
photo_0054.jpg,caneca,4,piso_textura,fora,dia,1
photo_0055.jpg,caneca,4,piso_textura,fora,dia,2
photo_0056.jpg,caneca,4,piso_textura,fora,dia,3
photo_0057.jpg,caneca,1,toalha_amarela,fora,dia,1
photo_0058.jpg,caneca,1,toalha_amarela,fora,dia,2
photo_0059.jpg,caneca,1,toalha_amarela,fora,dia,3
photo_0060.jpg,caneca,2,toalha_amarela,fora,dia,1
photo_0061.jpg,caneca,2,toalha_amarela,fora,dia,2
photo_0062.jpg,caneca,2,toalha_amarela,fora,dia,3
photo_0063.jpg,caneca,3,toalha_amarela,fora,dia,1
photo_0064.jpg,caneca,3,toalha_amarela,fora,dia,2
photo_0065.jpg,caneca,3,toalha_amarela,fora,dia,3
photo_0066.jpg,caneca,4,toalha_amarela,fora,dia,1
photo_0067.jpg,caneca,4,toalha_amarela,fora,dia,2
photo_0068.jpg,caneca,4,toalha_amarela,fora,dia,3
photo_0069.jpg,caneca,1,toalha_marrom,fora,dia,1
photo_0070.jpg,caneca,1,toalha_marrom,fora,dia,2
photo_0071.jpg,caneca,1,toalha_marrom,fora,dia,3
photo_0072.jpg,caneca,2,toalha_marrom,fora,dia,1
photo_0073.jpg,caneca,2,toalha_marrom,fora,dia,2
photo_0074.jpg,caneca,2,toalha_marrom,fora,dia,3
photo_0075.jpg,caneca,4,toalha_marrom,fora,dia,1
photo_0076.jpg,caneca,4,toalha_marrom,fora,dia,2
photo_0077.jpg,caneca,4,toalha_marrom,fora,dia,3
photo_0078.jpg,caneca,3,toalha_marrom,fora,dia,1
photo_0079.jpg,caneca,3,toalha_marrom,fora,dia,2
photo_0080.jpg,caneca,3,toalha_marrom,fora,dia,3
photo_0081.jpg,caneca,1,piso_liso,dentro,dia,1
photo_0082.jpg,caneca,1,piso_liso,dentro,dia,2
photo_0083.jpg,caneca,1,piso_liso,dentro,dia,3
photo_0084.jpg,caneca,3,piso_liso,dentro,dia,1
photo_0085.jpg,caneca,3,piso_liso,dentro,dia,2
photo_0086.jpg,caneca,3,piso_liso,dentro,dia,3
photo_0087.jpg,caneca,2,piso_liso,dentro,dia,1
photo_0088.jpg,caneca,2,piso_liso,dentro,dia,2
photo_0089.jpg,caneca,2,piso_liso,dentro,dia,3
photo_0090.jpg,caneca,4,piso_liso,dentro,dia,1
photo_0091.jpg,caneca,4,piso_liso,dentro,dia,2
photo_0092.jpg,caneca,4,piso_liso,dentro,dia,3
photo_0093.jpg,caneca,1,toalha_amarela,dentro,dia,1
photo_0094.jpg,caneca,1,toalha_amarela,dentro,dia,2
photo_0095.jpg,caneca,1,toalha_amarela,dentro,dia,3
photo_0096.jpg,caneca,2,toalha_amarela,dentro,dia,1
photo_0097.jpg,caneca,2,toalha_amarela,dentro,dia,2
photo_0098.jpg,caneca,2,toalha_amarela,dentro,dia,3
photo_0099.jpg,caneca,3,toalha_amarela,dentro,dia,1
photo_0100.jpg,caneca,3,toalha_amarela,dentro,dia,2
photo_0101.jpg,caneca,3,toalha_amarela,dentro,dia,3
photo_0102.jpg,caneca,4,toalha_amarela,dentro,dia,1
photo_0103.jpg,caneca,4,toalha_amarela,dentro,dia,2
photo_0104.jpg,caneca,4,toalha_amarela,dentro,dia,3
photo_0105.jpg,caneca,1,toalha_marrom,dentro,dia,1
photo_0106.jpg,caneca,1,toalha_marrom,dentro,dia,2
photo_0107.jpg,caneca,1,toalha_marrom,dentro,dia,3
photo_0108.jpg,caneca,2,toalha_marrom,dentro,dia,1
photo_0109.jpg,caneca,2,toalha_marrom,dentro,dia,2
photo_0110.jpg,caneca,2,toalha_marrom,dentro,dia,3
photo_0111.jpg,caneca,3,toalha_marrom,dentro,dia,1
photo_0112.jpg,caneca,3,toalha_marrom,dentro,dia,2
photo_0113.jpg,caneca,3,toalha_marrom,dentro,dia,3
photo_0114.jpg,caneca,4,toalha_marrom,dentro,dia,1
photo_0115.jpg,caneca,4,toalha_marrom,dentro,dia,2
photo_0116.jpg,caneca,4,toalha_marrom,dentro,dia,3
photo_0117.jpg,escova,1,piso_liso,dentro,dia,1
photo_0118.jpg,escova,1,piso_liso,dentro,dia,2
photo_0119.jpg,escova,1,piso_liso,dentro,dia,3
photo_0120.jpg,escova,2,piso_liso,dentro,dia,1
photo_0121.jpg,escova,2,piso_liso,dentro,dia,2
photo_0122.jpg,escova,2,piso_liso,dentro,dia,3
photo_0123.jpg,escova,3,piso_liso,dentro,dia,1
photo_0124.jpg,escova,3,piso_liso,dentro,dia,2
photo_0125.jpg,escova,3,piso_liso,dentro,dia,3
photo_0126.jpg,escova,4,piso_liso,dentro,dia,1
photo_0127.jpg,escova,4,piso_liso,dentro,dia,2
photo_0128.jpg,escova,4,piso_liso,dentro,dia,3
photo_0129.jpg,escova,5,piso_liso,dentro,dia,1
photo_0130.jpg,escova,5,piso_liso,dentro,dia,2
photo_0131.jpg,escova,5,piso_liso,dentro,dia,3
photo_0132.jpg,escova,1,toalha_amarela,dentro,dia,1
photo_0133.jpg,escova,1,toalha_amarela,dentro,dia,2
photo_0134.jpg,escova,1,toalha_amarela,dentro,dia,3
photo_0135.jpg,escova,2,toalha_amarela,dentro,dia,1
photo_0136.jpg,escova,2,toalha_amarela,dentro,dia,2
photo_0137.jpg,escova,2,toalha_amarela,dentro,dia,3
photo_0138.jpg,escova,3,toalha_amarela,dentro,dia,1
photo_0139.jpg,escova,3,toalha_amarela,dentro,dia,2
photo_0140.jpg,escova,3,toalha_amarela,dentro,dia,3
photo_0141.jpg,escova,4,toalha_amarela,dentro,dia,1
photo_0142.jpg,escova,4,toalha_amarela,dentro,dia,2
photo_0143.jpg,escova,4,toalha_amarela,dentro,dia,3
photo_0144.jpg,escova,5,toalha_amarela,dentro,dia,1
photo_0145.jpg,escova,5,toalha_amarela,dentro,dia,2
photo_0146.jpg,escova,5,toalha_amarela,dentro,dia,3
photo_0147.jpg,escova,1,toalha_marrom,dentro,dia,1
photo_0148.jpg,escova,1,toalha_marrom,dentro,dia,2
photo_0149.jpg,escova,1,toalha_marrom,dentro,dia,3
photo_0150.jpg,escova,2,toalha_marrom,dentro,dia,1
photo_0151.jpg,escova,2,toalha_marrom,dentro,dia,2
photo_0152.jpg,escova,2,toalha_marrom,dentro,dia,3
photo_0153.jpg,escova,3,toalha_marrom,dentro,dia,1
photo_0154.jpg,escova,3,toalha_marrom,dentro,dia,2
photo_0155.jpg,escova,3,toalha_marrom,dentro,dia,3
photo_0156.jpg,escova,4,toalha_marrom,dentro,dia,1
photo_0157.jpg,escova,4,toalha_marrom,dentro,dia,2
photo_0158.jpg,escova,4,toalha_marrom,dentro,dia,3
photo_0159.jpg,escova,5,toalha_marrom,dentro,dia,1
photo_0160.jpg,escova,5,toalha_marrom,dentro,dia,2
photo_0161.jpg,escova,5,toalha_marrom,dentro,dia,3
photo_0162.jpg,caneca,1,piso_textura,fora,noite,1
photo_0163.jpg,caneca,1,piso_textura,fora,noite,2
photo_0164.jpg,caneca,1,piso_textura,fora,noite,3
photo_0165.jpg,caneca,2,piso_textura,fora,noite,1
photo_0166.jpg,caneca,2,piso_textura,fora,noite,2
photo_0167.jpg,caneca,2,piso_textura,fora,noite,3
photo_0168.jpg,caneca,3,piso_textura,fora,noite,1
photo_0169.jpg,caneca,3,piso_textura,fora,noite,2
photo_0170.jpg,caneca,3,piso_textura,fora,noite,3
photo_0171.jpg,caneca,4,piso_textura,fora,noite,1
photo_0172.jpg,caneca,4,piso_textura,fora,noite,2
photo_0173.jpg,caneca,4,piso_textura,fora,noite,3
photo_0174.jpg,caneca,1,toalha_marrom,fora,noite,1
photo_0175.jpg,caneca,1,toalha_marrom,fora,noite,2
photo_0176.jpg,caneca,1,toalha_marrom,fora,noite,3
photo_0177.jpg,caneca,2,toalha_marrom,fora,noite,1
photo_0178.jpg,caneca,2,toalha_marrom,fora,noite,2
photo_0179.jpg,caneca,2,toalha_marrom,fora,noite,3
photo_0180.jpg,caneca,3,toalha_marrom,fora,noite,1
photo_0181.jpg,caneca,3,toalha_marrom,fora,noite,2
photo_0182.jpg,caneca,3,toalha_marrom,fora,noite,3
photo_0183.jpg,caneca,4,toalha_marrom,fora,noite,1
photo_0184.jpg,caneca,4,toalha_marrom,fora,noite,2
photo_0185.jpg,caneca,4,toalha_marrom,fora,noite,3
photo_0186.jpg,caneca,1,toalha_amarela,fora,noite,1
photo_0187.jpg,caneca,1,toalha_amarela,fora,noite,2
photo_0188.jpg,caneca,1,toalha_amarela,fora,noite,3
photo_0189.jpg,caneca,2,toalha_amarela,fora,noite,1
photo_0190.jpg,caneca,2,toalha_amarela,fora,noite,2
photo_0191.jpg,caneca,2,toalha_amarela,fora,noite,3
photo_0192.jpg,caneca,3,toalha_amarela,fora,noite,1
photo_0193.jpg,caneca,3,toalha_amarela,fora,noite,2
photo_0194.jpg,caneca,3,toalha_amarela,fora,noite,3
photo_0195.jpg,caneca,4,toalha_amarela,fora,noite,1
photo_0196.jpg,caneca,4,toalha_amarela,fora,noite,2
photo_0197.jpg,caneca,4,toalha_amarela,fora,noite,3
photo_0198.jpg,escova,1,toalha_amarela,fora,noite,1
photo_0199.jpg,escova,1,toalha_amarela,fora,noite,2
photo_0200.jpg,escova,1,toalha_amarela,fora,noite,3
photo_0201.jpg,escova,2,toalha_amarela,fora,noite,1
photo_0202.jpg,escova,2,toalha_amarela,fora,noite,2
photo_0203.jpg,escova,2,toalha_amarela,fora,noite,3
photo_0204.jpg,escova,3,toalha_amarela,fora,noite,1
photo_0205.jpg,escova,3,toalha_amarela,fora,noite,2
photo_0206.jpg,escova,3,toalha_amarela,fora,noite,3
photo_0207.jpg,escova,5,toalha_amarela,fora,noite,1
photo_0208.jpg,escova,5,toalha_amarela,fora,noite,2
photo_0209.jpg,escova,5,toalha_amarela,fora,noite,3
photo_0210.jpg,escova,4,toalha_amarela,fora,noite,1
photo_0211.jpg,escova,4,toalha_amarela,fora,noite,2
photo_0212.jpg,escova,4,toalha_amarela,fora,noite,3
photo_0213.jpg,escova,1,toalha_marrom,fora,noite,1
photo_0214.jpg,escova,1,toalha_marrom,fora,noite,2
photo_0215.jpg,escova,1,toalha_marrom,fora,noite,3
photo_0216.jpg,escova,2,toalha_marrom,fora,noite,1
photo_0217.jpg,escova,2,toalha_marrom,fora,noite,2
photo_0218.jpg,escova,2,toalha_marrom,fora,noite,3
photo_0219.jpg,escova,3,toalha_marrom,fora,noite,1
photo_0220.jpg,escova,3,toalha_marrom,fora,noite,2
photo_0221.jpg,escova,3,toalha_marrom,fora,noite,3
photo_0222.jpg,escova,4,toalha_marrom,fora,noite,1
photo_0223.jpg,escova,4,toalha_marrom,fora,noite,2
photo_0224.jpg,escova,4,toalha_marrom,fora,noite,3
photo_0225.jpg,escova,5,toalha_marrom,fora,noite,1
photo_0226.jpg,escova,5,toalha_marrom,fora,noite,2
photo_0227.jpg,escova,5,toalha_marrom,fora,noite,3
photo_0228.jpg,escova,1,piso_textura,fora,noite,1
photo_0229.jpg,escova,1,piso_textura,fora,noite,2
photo_0230.jpg,escova,1,piso_textura,fora,noite,3
photo_0231.jpg,escova,2,piso_textura,fora,noite,1
photo_0232.jpg,escova,2,piso_textura,fora,noite,2
photo_0233.jpg,escova,2,piso_textura,fora,noite,3
photo_0234.jpg,escova,3,piso_textura,fora,noite,1
photo_0235.jpg,escova,3,piso_textura,fora,noite,2
photo_0236.jpg,escova,3,piso_textura,fora,noite,3
photo_0237.jpg,escova,4,piso_textura,fora,noite,1
photo_0238.jpg,escova,4,piso_textura,fora,noite,2
photo_0239.jpg,escova,4,piso_textura,fora,noite,3
photo_0240.jpg,escova,5,piso_textura,fora,noite,1
photo_0241.jpg,escova,5,piso_textura,fora,noite,2
photo_0242.jpg,escova,5,piso_textura,fora,noite,3
photo_0243.jpg,faca,1,piso_textura,fora,dia,1
photo_0244.jpg,faca,1,piso_textura,fora,dia,2
photo_0245.jpg,faca,1,piso_textura,fora,dia,3
photo_0246.jpg,faca,2,piso_textura,fora,dia,1
photo_0247.jpg,faca,2,piso_textura,fora,dia,2
photo_0248.jpg,faca,2,piso_textura,fora,dia,3
photo_0249.jpg,faca,3,piso_textura,fora,dia,1
photo_0250.jpg,faca,3,piso_textura,fora,dia,2
photo_0251.jpg,faca,3,piso_textura,fora,dia,3
photo_0252.jpg,faca,4,piso_textura,fora,dia,1
photo_0253.jpg,faca,4,piso_textura,fora,dia,2
photo_0254.jpg,faca,4,piso_textura,fora,dia,3
photo_0255.jpg,faca,5,piso_textura,fora,dia,1
photo_0256.jpg,faca,5,piso_textura,fora,dia,2
photo_0257.jpg,faca,5,piso_textura,fora,dia,3
photo_0258.jpg,faca,1,toalha_amarela,fora,dia,1
photo_0259.jpg,faca,1,toalha_amarela,fora,dia,2
photo_0260.jpg,faca,1,toalha_amarela,fora,dia,3
photo_0261.jpg,faca,3,toalha_amarela,fora,dia,1
photo_0262.jpg,faca,3,toalha_amarela,fora,dia,2
photo_0263.jpg,faca,3,toalha_amarela,fora,dia,3
photo_0264.jpg,faca,4,toalha_amarela,fora,dia,1
photo_0265.jpg,faca,4,toalha_amarela,fora,dia,2
photo_0266.jpg,faca,4,toalha_amarela,fora,dia,3
photo_0267.jpg,faca,2,toalha_amarela,fora,dia,1
photo_0268.jpg,faca,2,toalha_amarela,fora,dia,2
photo_0269.jpg,faca,2,toalha_amarela,fora,dia,3
photo_0270.jpg,faca,5,toalha_amarela,fora,dia,1
photo_0271.jpg,faca,5,toalha_amarela,fora,dia,2
photo_0272.jpg,faca,5,toalha_amarela,fora,dia,3
photo_0273.jpg,faca,1,toalha_marrom,fora,dia,1
photo_0274.jpg,faca,1,toalha_marrom,fora,dia,2
photo_0275.jpg,faca,1,toalha_marrom,fora,dia,3
photo_0276.jpg,faca,4,toalha_marrom,fora,dia,1
photo_0277.jpg,faca,4,toalha_marrom,fora,dia,2
photo_0278.jpg,faca,4,toalha_marrom,fora,dia,3
photo_0279.jpg,faca,3,toalha_marrom,fora,dia,1
photo_0280.jpg,faca,3,toalha_marrom,fora,dia,2
photo_0281.jpg,faca,3,toalha_marrom,fora,dia,3
photo_0282.jpg,faca,2,toalha_marrom,fora,dia,1
photo_0283.jpg,faca,2,toalha_marrom,fora,dia,2
photo_0284.jpg,faca,2,toalha_marrom,fora,dia,3
photo_0285.jpg,faca,5,toalha_marrom,fora,dia,1
photo_0286.jpg,faca,5,toalha_marrom,fora,dia,2
photo_0287.jpg,faca,5,toalha_marrom,fora,dia,3
photo_0288.jpg,livro,1,piso_textura,fora,dia,1
photo_0289.jpg,livro,1,piso_textura,fora,dia,2
photo_0290.jpg,livro,1,piso_textura,fora,dia,3
photo_0291.jpg,livro,2,piso_textura,fora,dia,1
photo_0292.jpg,livro,2,piso_textura,fora,dia,2
photo_0293.jpg,livro,2,piso_textura,fora,dia,3
photo_0294.jpg,livro,3,piso_textura,fora,dia,1
photo_0295.jpg,livro,3,piso_textura,fora,dia,2
photo_0296.jpg,livro,3,piso_textura,fora,dia,3
photo_0297.jpg,livro,4,piso_textura,fora,dia,1
photo_0298.jpg,livro,4,piso_textura,fora,dia,2
photo_0299.jpg,livro,4,piso_textura,fora,dia,3
photo_0300.jpg,livro,4,toalha_amarela,fora,dia,1
photo_0301.jpg,livro,4,toalha_amarela,fora,dia,2
photo_0302.jpg,livro,4,toalha_amarela,fora,dia,3
photo_0303.jpg,livro,3,toalha_amarela,fora,dia,1
photo_0304.jpg,livro,3,toalha_amarela,fora,dia,2
photo_0305.jpg,livro,3,toalha_amarela,fora,dia,3
photo_0306.jpg,livro,2,toalha_amarela,fora,dia,1
photo_0307.jpg,livro,2,toalha_amarela,fora,dia,2
photo_0308.jpg,livro,2,toalha_amarela,fora,dia,3
photo_0309.jpg,livro,1,toalha_amarela,fora,dia,1
photo_0310.jpg,livro,1,toalha_amarela,fora,dia,2
photo_0311.jpg,livro,1,toalha_amarela,fora,dia,3
photo_0312.jpg,livro,1,toalha_marrom,fora,dia,1
photo_0313.jpg,livro,1,toalha_marrom,fora,dia,2
photo_0314.jpg,livro,1,toalha_marrom,fora,dia,3
photo_0315.jpg,livro,2,toalha_marrom,fora,dia,1
photo_0316.jpg,livro,2,toalha_marrom,fora,dia,2
photo_0317.jpg,livro,2,toalha_marrom,fora,dia,3
photo_0318.jpg,livro,3,toalha_marrom,fora,dia,1
photo_0319.jpg,livro,3,toalha_marrom,fora,dia,2
photo_0320.jpg,livro,3,toalha_marrom,fora,dia,3
photo_0321.jpg,livro,4,toalha_marrom,fora,dia,1
photo_0322.jpg,livro,4,toalha_marrom,fora,dia,2
photo_0323.jpg,livro,4,toalha_marrom,fora,dia,3
photo_0324.jpg,faca,1,piso_liso,dentro,dia,1
photo_0325.jpg,faca,1,piso_liso,dentro,dia,2
photo_0326.jpg,faca,1,piso_liso,dentro,dia,3
photo_0327.jpg,faca,3,piso_liso,dentro,dia,1
photo_0328.jpg,faca,3,piso_liso,dentro,dia,2
photo_0329.jpg,faca,3,piso_liso,dentro,dia,3
photo_0330.jpg,faca,2,piso_liso,dentro,dia,1
photo_0331.jpg,faca,2,piso_liso,dentro,dia,2
photo_0332.jpg,faca,2,piso_liso,dentro,dia,3
photo_0333.jpg,faca,4,piso_liso,dentro,dia,1
photo_0334.jpg,faca,4,piso_liso,dentro,dia,2
photo_0335.jpg,faca,4,piso_liso,dentro,dia,3
photo_0336.jpg,faca,5,piso_liso,dentro,dia,1
photo_0337.jpg,faca,5,piso_liso,dentro,dia,2
photo_0338.jpg,faca,5,piso_liso,dentro,dia,3
photo_0339.jpg,faca,1,toalha_amarela,dentro,dia,1
photo_0340.jpg,faca,1,toalha_amarela,dentro,dia,2
photo_0341.jpg,faca,1,toalha_amarela,dentro,dia,3
photo_0342.jpg,faca,3,toalha_amarela,dentro,dia,1
photo_0343.jpg,faca,3,toalha_amarela,dentro,dia,2
photo_0344.jpg,faca,3,toalha_amarela,dentro,dia,3
photo_0345.jpg,faca,4,toalha_amarela,dentro,dia,1
photo_0346.jpg,faca,4,toalha_amarela,dentro,dia,2
photo_0347.jpg,faca,4,toalha_amarela,dentro,dia,3
photo_0348.jpg,faca,2,toalha_amarela,dentro,dia,1
photo_0349.jpg,faca,2,toalha_amarela,dentro,dia,2
photo_0350.jpg,faca,2,toalha_amarela,dentro,dia,3
photo_0351.jpg,faca,5,toalha_amarela,dentro,dia,1
photo_0352.jpg,faca,5,toalha_amarela,dentro,dia,2
photo_0353.jpg,faca,5,toalha_amarela,dentro,dia,3
photo_0354.jpg,faca,1,toalha_marrom,dentro,dia,1
photo_0355.jpg,faca,1,toalha_marrom,dentro,dia,2
photo_0356.jpg,faca,1,toalha_marrom,dentro,dia,3
photo_0357.jpg,faca,3,toalha_marrom,dentro,dia,1
photo_0358.jpg,faca,3,toalha_marrom,dentro,dia,2
photo_0359.jpg,faca,3,toalha_marrom,dentro,dia,3
photo_0360.jpg,faca,4,toalha_marrom,dentro,dia,1
photo_0361.jpg,faca,4,toalha_marrom,dentro,dia,2
photo_0362.jpg,faca,4,toalha_marrom,dentro,dia,3
photo_0363.jpg,faca,2,toalha_marrom,dentro,dia,1
photo_0364.jpg,faca,2,toalha_marrom,dentro,dia,2
photo_0365.jpg,faca,2,toalha_marrom,dentro,dia,3
photo_0366.jpg,faca,5,toalha_marrom,dentro,dia,1
photo_0367.jpg,faca,5,toalha_marrom,dentro,dia,2
photo_0368.jpg,faca,5,toalha_marrom,dentro,dia,3
photo_0369.jpg,livro,4,piso_liso,dentro,dia,1
photo_0370.jpg,livro,4,piso_liso,dentro,dia,2
photo_0371.jpg,livro,4,piso_liso,dentro,dia,3
photo_0372.jpg,livro,3,piso_liso,dentro,dia,1
photo_0373.jpg,livro,3,piso_liso,dentro,dia,2
photo_0374.jpg,livro,3,piso_liso,dentro,dia,3
photo_0375.jpg,livro,2,piso_liso,dentro,dia,1
photo_0376.jpg,livro,2,piso_liso,dentro,dia,2
photo_0377.jpg,livro,2,piso_liso,dentro,dia,3
photo_0378.jpg,livro,1,piso_liso,dentro,dia,1
photo_0379.jpg,livro,1,piso_liso,dentro,dia,2
photo_0380.jpg,livro,1,piso_liso,dentro,dia,3
photo_0381.jpg,livro,1,toalha_amarela,dentro,dia,1
photo_0382.jpg,livro,1,toalha_amarela,dentro,dia,2
photo_0383.jpg,livro,1,toalha_amarela,dentro,dia,3
photo_0384.jpg,livro,2,toalha_amarela,dentro,dia,1
photo_0385.jpg,livro,2,toalha_amarela,dentro,dia,2
photo_0386.jpg,livro,2,toalha_amarela,dentro,dia,3
photo_0387.jpg,livro,3,toalha_amarela,dentro,dia,1
photo_0388.jpg,livro,3,toalha_amarela,dentro,dia,2
photo_0389.jpg,livro,3,toalha_amarela,dentro,dia,3
photo_0390.jpg,livro,4,toalha_amarela,dentro,dia,1
photo_0391.jpg,livro,4,toalha_amarela,dentro,dia,2
photo_0392.jpg,livro,4,toalha_amarela,dentro,dia,3
photo_0393.jpg,livro,4,toalha_marrom,dentro,dia,1
photo_0394.jpg,livro,4,toalha_marrom,dentro,dia,2
photo_0395.jpg,livro,4,toalha_marrom,dentro,dia,3
photo_0396.jpg,livro,3,toalha_marrom,dentro,dia,1
photo_0397.jpg,livro,3,toalha_marrom,dentro,dia,2
photo_0398.jpg,livro,3,toalha_marrom,dentro,dia,3
photo_0399.jpg,livro,2,toalha_marrom,dentro,dia,1
photo_0400.jpg,livro,2,toalha_marrom,dentro,dia,2
photo_0401.jpg,livro,2,toalha_marrom,dentro,dia,3
photo_0402.jpg,livro,1,toalha_marrom,dentro,dia,1
photo_0403.jpg,livro,1,toalha_marrom,dentro,dia,2
photo_0404.jpg,livro,1,toalha_marrom,dentro,dia,3
photo_0405.jpg,faca,3,piso_textura,fora,noite,1
photo_0406.jpg,faca,3,piso_textura,fora,noite,2
photo_0407.jpg,faca,3,piso_textura,fora,noite,3
photo_0408.jpg,faca,4,piso_textura,fora,noite,1
photo_0409.jpg,faca,4,piso_textura,fora,noite,2
photo_0410.jpg,faca,4,piso_textura,fora,noite,3
photo_0411.jpg,faca,2,piso_textura,fora,noite,1
photo_0412.jpg,faca,2,piso_textura,fora,noite,2
photo_0413.jpg,faca,2,piso_textura,fora,noite,3
photo_0414.jpg,faca,1,piso_textura,fora,noite,1
photo_0415.jpg,faca,1,piso_textura,fora,noite,2
photo_0416.jpg,faca,1,piso_textura,fora,noite,3
photo_0417.jpg,faca,5,piso_textura,fora,noite,1
photo_0418.jpg,faca,5,piso_textura,fora,noite,2
photo_0419.jpg,faca,5,piso_textura,fora,noite,3
photo_0420.jpg,livro,1,piso_textura,fora,noite,1
photo_0421.jpg,livro,1,piso_textura,fora,noite,2
photo_0422.jpg,livro,1,piso_textura,fora,noite,3
photo_0423.jpg,livro,2,piso_textura,fora,noite,1
photo_0424.jpg,livro,2,piso_textura,fora,noite,2
photo_0425.jpg,livro,2,piso_textura,fora,noite,3
photo_0426.jpg,livro,3,piso_textura,fora,noite,1
photo_0427.jpg,livro,3,piso_textura,fora,noite,2
photo_0428.jpg,livro,3,piso_textura,fora,noite,3
photo_0429.jpg,livro,4,piso_textura,fora,noite,1
photo_0430.jpg,livro,4,piso_textura,fora,noite,2
photo_0431.jpg,livro,4,piso_textura,fora,noite,3
photo_0432.jpg,faca,3,toalha_amarela,fora,noite,1
photo_0433.jpg,faca,3,toalha_amarela,fora,noite,2
photo_0434.jpg,faca,3,toalha_amarela,fora,noite,3
photo_0435.jpg,faca,1,toalha_amarela,fora,noite,1
photo_0436.jpg,faca,1,toalha_amarela,fora,noite,2
photo_0437.jpg,faca,1,toalha_amarela,fora,noite,3
photo_0438.jpg,faca,4,toalha_amarela,fora,noite,1
photo_0439.jpg,faca,4,toalha_amarela,fora,noite,2
photo_0440.jpg,faca,4,toalha_amarela,fora,noite,3
photo_0441.jpg,faca,2,toalha_amarela,fora,noite,1
photo_0442.jpg,faca,2,toalha_amarela,fora,noite,2
photo_0443.jpg,faca,2,toalha_amarela,fora,noite,3
photo_0444.jpg,faca,5,toalha_amarela,fora,noite,1
photo_0445.jpg,faca,5,toalha_amarela,fora,noite,2
photo_0446.jpg,faca,5,toalha_amarela,fora,noite,3
photo_0447.jpg,livro,4,toalha_amarela,fora,noite,1
photo_0448.jpg,livro,4,toalha_amarela,fora,noite,2
photo_0449.jpg,livro,4,toalha_amarela,fora,noite,3
photo_0450.jpg,livro,3,toalha_amarela,fora,noite,1
photo_0451.jpg,livro,3,toalha_amarela,fora,noite,2
photo_0452.jpg,livro,3,toalha_amarela,fora,noite,3
photo_0453.jpg,livro,2,toalha_amarela,fora,noite,1
photo_0454.jpg,livro,2,toalha_amarela,fora,noite,2
photo_0455.jpg,livro,2,toalha_amarela,fora,noite,3
photo_0456.jpg,livro,1,toalha_amarela,fora,noite,1
photo_0457.jpg,livro,1,toalha_amarela,fora,noite,2
photo_0458.jpg,livro,1,toalha_amarela,fora,noite,3
photo_0459.jpg,faca,3,toalha_marrom,fora,noite,1
photo_0460.jpg,faca,3,toalha_marrom,fora,noite,2
photo_0461.jpg,faca,3,toalha_marrom,fora,noite,3
photo_0462.jpg,faca,1,toalha_marrom,fora,noite,1
photo_0463.jpg,faca,1,toalha_marrom,fora,noite,2
photo_0464.jpg,faca,1,toalha_marrom,fora,noite,3
photo_0465.jpg,faca,5,toalha_marrom,fora,noite,1
photo_0466.jpg,faca,5,toalha_marrom,fora,noite,2
photo_0467.jpg,faca,5,toalha_marrom,fora,noite,3
photo_0468.jpg,faca,4,toalha_marrom,fora,noite,1
photo_0469.jpg,faca,4,toalha_marrom,fora,noite,2
photo_0470.jpg,faca,4,toalha_marrom,fora,noite,3
photo_0471.jpg,faca,2,toalha_marrom,fora,noite,1
photo_0472.jpg,faca,2,toalha_marrom,fora,noite,2
photo_0473.jpg,faca,2,toalha_marrom,fora,noite,3
photo_0474.jpg,livro,1,toalha_marrom,fora,noite,1
photo_0475.jpg,livro,1,toalha_marrom,fora,noite,2
photo_0476.jpg,livro,1,toalha_marrom,fora,noite,3
photo_0477.jpg,livro,2,toalha_marrom,fora,noite,1
photo_0478.jpg,livro,2,toalha_marrom,fora,noite,2
photo_0479.jpg,livro,2,toalha_marrom,fora,noite,3
photo_0480.jpg,livro,3,toalha_marrom,fora,noite,1
photo_0481.jpg,livro,3,toalha_marrom,fora,noite,2
photo_0482.jpg,livro,3,toalha_marrom,fora,noite,3
photo_0483.jpg,livro,4,toalha_marrom,fora,noite,1
photo_0484.jpg,livro,4,toalha_marrom,fora,noite,2
photo_0485.jpg,livro,4,toalha_marrom,fora,noite,3
photo_0486.jpg,caneca,1,piso_liso,dentro,noite,1
photo_0487.jpg,caneca,1,piso_liso,dentro,noite,2
photo_0488.jpg,caneca,1,piso_liso,dentro,noite,3
photo_0489.jpg,caneca,3,piso_liso,dentro,noite,1
photo_0490.jpg,caneca,3,piso_liso,dentro,noite,2
photo_0491.jpg,caneca,3,piso_liso,dentro,noite,3
photo_0492.jpg,caneca,4,piso_liso,dentro,noite,1
photo_0493.jpg,caneca,4,piso_liso,dentro,noite,2
photo_0494.jpg,caneca,4,piso_liso,dentro,noite,3
photo_0495.jpg,caneca,2,piso_liso,dentro,noite,1
photo_0496.jpg,caneca,2,piso_liso,dentro,noite,2
photo_0497.jpg,caneca,2,piso_liso,dentro,noite,3
photo_0498.jpg,escova,1,piso_liso,dentro,noite,1
photo_0499.jpg,escova,1,piso_liso,dentro,noite,2
photo_0500.jpg,escova,1,piso_liso,dentro,noite,3
photo_0501.jpg,escova,3,piso_liso,dentro,noite,1
photo_0502.jpg,escova,3,piso_liso,dentro,noite,2
photo_0503.jpg,escova,3,piso_liso,dentro,noite,3
photo_0504.jpg,escova,2,piso_liso,dentro,noite,1
photo_0505.jpg,escova,2,piso_liso,dentro,noite,2
photo_0506.jpg,escova,2,piso_liso,dentro,noite,3
photo_0507.jpg,escova,4,piso_liso,dentro,noite,1
photo_0508.jpg,escova,4,piso_liso,dentro,noite,2
photo_0509.jpg,escova,4,piso_liso,dentro,noite,3
photo_0510.jpg,escova,5,piso_liso,dentro,noite,1
photo_0511.jpg,escova,5,piso_liso,dentro,noite,2
photo_0512.jpg,escova,5,piso_liso,dentro,noite,3
photo_0513.jpg,faca,1,piso_liso,dentro,noite,1
photo_0514.jpg,faca,1,piso_liso,dentro,noite,2
photo_0515.jpg,faca,1,piso_liso,dentro,noite,3
photo_0516.jpg,faca,3,piso_liso,dentro,noite,1
photo_0517.jpg,faca,3,piso_liso,dentro,noite,2
photo_0518.jpg,faca,3,piso_liso,dentro,noite,3
photo_0519.jpg,faca,2,piso_liso,dentro,noite,1
photo_0520.jpg,faca,2,piso_liso,dentro,noite,2
photo_0521.jpg,faca,2,piso_liso,dentro,noite,3
photo_0522.jpg,faca,5,piso_liso,dentro,noite,1
photo_0523.jpg,faca,5,piso_liso,dentro,noite,2
photo_0524.jpg,faca,5,piso_liso,dentro,noite,3
photo_0525.jpg,faca,4,piso_liso,dentro,noite,1
photo_0526.jpg,faca,4,piso_liso,dentro,noite,2
photo_0527.jpg,faca,4,piso_liso,dentro,noite,3
photo_0528.jpg,livro,3,piso_liso,dentro,noite,1
photo_0529.jpg,livro,3,piso_liso,dentro,noite,2
photo_0530.jpg,livro,3,piso_liso,dentro,noite,3
photo_0531.jpg,livro,2,piso_liso,dentro,noite,1
photo_0532.jpg,livro,2,piso_liso,dentro,noite,2
photo_0533.jpg,livro,2,piso_liso,dentro,noite,3
photo_0534.jpg,livro,1,piso_liso,dentro,noite,1
photo_0535.jpg,livro,1,piso_liso,dentro,noite,2
photo_0536.jpg,livro,1,piso_liso,dentro,noite,3
photo_0537.jpg,livro,4,piso_liso,dentro,noite,1
photo_0538.jpg,livro,4,piso_liso,dentro,noite,2
photo_0539.jpg,livro,4,piso_liso,dentro,noite,3
photo_0540.jpg,caneca,1,toalha_amarela,dentro,noite,1
photo_0541.jpg,caneca,1,toalha_amarela,dentro,noite,2
photo_0542.jpg,caneca,1,toalha_amarela,dentro,noite,3
photo_0543.jpg,caneca,4,toalha_amarela,dentro,noite,1
photo_0544.jpg,caneca,4,toalha_amarela,dentro,noite,2
photo_0545.jpg,caneca,4,toalha_amarela,dentro,noite,3
photo_0546.jpg,caneca,3,toalha_amarela,dentro,noite,1
photo_0547.jpg,caneca,3,toalha_amarela,dentro,noite,2
photo_0548.jpg,caneca,3,toalha_amarela,dentro,noite,3
photo_0549.jpg,caneca,2,toalha_amarela,dentro,noite,1
photo_0550.jpg,caneca,2,toalha_amarela,dentro,noite,2
photo_0551.jpg,caneca,2,toalha_amarela,dentro,noite,3
photo_0552.jpg,escova,5,toalha_amarela,dentro,noite,1
photo_0553.jpg,escova,5,toalha_amarela,dentro,noite,2
photo_0554.jpg,escova,5,toalha_amarela,dentro,noite,3
photo_0555.jpg,escova,4,toalha_amarela,dentro,noite,1
photo_0556.jpg,escova,4,toalha_amarela,dentro,noite,2
photo_0557.jpg,escova,4,toalha_amarela,dentro,noite,3
photo_0558.jpg,escova,3,toalha_amarela,dentro,noite,1
photo_0559.jpg,escova,3,toalha_amarela,dentro,noite,2
photo_0560.jpg,escova,3,toalha_amarela,dentro,noite,3
photo_0561.jpg,escova,2,toalha_amarela,dentro,noite,1
photo_0562.jpg,escova,2,toalha_amarela,dentro,noite,2
photo_0563.jpg,escova,2,toalha_amarela,dentro,noite,3
photo_0564.jpg,escova,1,toalha_amarela,dentro,noite,1
photo_0565.jpg,escova,1,toalha_amarela,dentro,noite,2
photo_0566.jpg,escova,1,toalha_amarela,dentro,noite,3
photo_0567.jpg,faca,5,toalha_amarela,dentro,noite,1
photo_0568.jpg,faca,5,toalha_amarela,dentro,noite,2
photo_0569.jpg,faca,5,toalha_amarela,dentro,noite,3
photo_0570.jpg,faca,3,toalha_amarela,dentro,noite,1
photo_0571.jpg,faca,3,toalha_amarela,dentro,noite,2
photo_0572.jpg,faca,3,toalha_amarela,dentro,noite,3
photo_0573.jpg,faca,2,toalha_amarela,dentro,noite,1
photo_0574.jpg,faca,2,toalha_amarela,dentro,noite,2
photo_0575.jpg,faca,2,toalha_amarela,dentro,noite,3
photo_0576.jpg,faca,4,toalha_amarela,dentro,noite,1
photo_0577.jpg,faca,4,toalha_amarela,dentro,noite,2
photo_0578.jpg,faca,4,toalha_amarela,dentro,noite,3
photo_0579.jpg,faca,1,toalha_amarela,dentro,noite,1
photo_0580.jpg,faca,1,toalha_amarela,dentro,noite,2
photo_0581.jpg,faca,1,toalha_amarela,dentro,noite,3
photo_0582.jpg,livro,4,toalha_amarela,dentro,noite,1
photo_0583.jpg,livro,4,toalha_amarela,dentro,noite,2
photo_0584.jpg,livro,4,toalha_amarela,dentro,noite,3
photo_0585.jpg,livro,1,toalha_amarela,dentro,noite,1
photo_0586.jpg,livro,1,toalha_amarela,dentro,noite,2
photo_0587.jpg,livro,1,toalha_amarela,dentro,noite,3
photo_0588.jpg,livro,2,toalha_amarela,dentro,noite,1
photo_0589.jpg,livro,2,toalha_amarela,dentro,noite,2
photo_0590.jpg,livro,2,toalha_amarela,dentro,noite,3
photo_0591.jpg,livro,3,toalha_amarela,dentro,noite,1
photo_0592.jpg,livro,3,toalha_amarela,dentro,noite,2
photo_0593.jpg,livro,3,toalha_amarela,dentro,noite,3
photo_0594.jpg,caneca,3,toalha_marrom,dentro,noite,1
photo_0595.jpg,caneca,3,toalha_marrom,dentro,noite,2
photo_0596.jpg,caneca,3,toalha_marrom,dentro,noite,3
photo_0597.jpg,caneca,4,toalha_marrom,dentro,noite,1
photo_0598.jpg,caneca,4,toalha_marrom,dentro,noite,2
photo_0599.jpg,caneca,4,toalha_marrom,dentro,noite,3
photo_0600.jpg,caneca,2,toalha_marrom,dentro,noite,1
photo_0601.jpg,caneca,2,toalha_marrom,dentro,noite,2
photo_0602.jpg,caneca,2,toalha_marrom,dentro,noite,3
photo_0603.jpg,caneca,1,toalha_marrom,dentro,noite,1
photo_0604.jpg,caneca,1,toalha_marrom,dentro,noite,2
photo_0605.jpg,caneca,1,toalha_marrom,dentro,noite,3
photo_0606.jpg,escova,4,toalha_marrom,dentro,noite,1
photo_0607.jpg,escova,4,toalha_marrom,dentro,noite,2
photo_0608.jpg,escova,4,toalha_marrom,dentro,noite,3
photo_0609.jpg,escova,1,toalha_marrom,dentro,noite,1
photo_0610.jpg,escova,1,toalha_marrom,dentro,noite,2
photo_0611.jpg,escova,1,toalha_marrom,dentro,noite,3
photo_0612.jpg,escova,3,toalha_marrom,dentro,noite,1
photo_0613.jpg,escova,3,toalha_marrom,dentro,noite,2
photo_0614.jpg,escova,3,toalha_marrom,dentro,noite,3
photo_0615.jpg,escova,5,toalha_marrom,dentro,noite,1
photo_0616.jpg,escova,5,toalha_marrom,dentro,noite,2
photo_0617.jpg,escova,5,toalha_marrom,dentro,noite,3
photo_0618.jpg,escova,2,toalha_marrom,dentro,noite,1
photo_0619.jpg,escova,2,toalha_marrom,dentro,noite,2
photo_0620.jpg,escova,2,toalha_marrom,dentro,noite,3
photo_0621.jpg,livro,2,toalha_marrom,dentro,noite,1
photo_0622.jpg,livro,2,toalha_marrom,dentro,noite,2
photo_0623.jpg,livro,2,toalha_marrom,dentro,noite,3
photo_0624.jpg,livro,1,toalha_marrom,dentro,noite,1
photo_0625.jpg,livro,1,toalha_marrom,dentro,noite,2
photo_0626.jpg,livro,1,toalha_marrom,dentro,noite,3
photo_0627.jpg,livro,4,toalha_marrom,dentro,noite,1
photo_0628.jpg,livro,4,toalha_marrom,dentro,noite,2
photo_0629.jpg,livro,4,toalha_marrom,dentro,noite,3
photo_0630.jpg,livro,3,toalha_marrom,dentro,noite,1
photo_0631.jpg,livro,3,toalha_marrom,dentro,noite,2
photo_0632.jpg,livro,3,toalha_marrom,dentro,noite,3
photo_0633.jpg,faca,1,toalha_marrom,dentro,noite,1
photo_0634.jpg,faca,1,toalha_marrom,dentro,noite,2
photo_0635.jpg,faca,1,toalha_marrom,dentro,noite,3
photo_0636.jpg,faca,2,toalha_marrom,dentro,noite,1
photo_0637.jpg,faca,2,toalha_marrom,dentro,noite,2
photo_0638.jpg,faca,2,toalha_marrom,dentro,noite,3
photo_0639.jpg,faca,4,toalha_marrom,dentro,noite,1
photo_0640.jpg,faca,4,toalha_marrom,dentro,noite,2
photo_0641.jpg,faca,4,toalha_marrom,dentro,noite,3
photo_0642.jpg,faca,3,toalha_marrom,dentro,noite,1
photo_0643.jpg,faca,3,toalha_marrom,dentro,noite,2
photo_0644.jpg,faca,3,toalha_marrom,dentro,noite,3
photo_0645.jpg,faca,5,toalha_marrom,dentro,noite,1
photo_0646.jpg,faca,5,toalha_marrom,dentro,noite,2
photo_0647.jpg,faca,5,toalha_marrom,dentro,noite,3
photo_0648.jpg,copo,1,piso_textura,fora,dia,1
photo_0649.jpg,copo,1,piso_textura,fora,dia,2
photo_0650.jpg,copo,1,piso_textura,fora,dia,3
photo_0651.jpg,copo,2,piso_textura,fora,dia,1
photo_0652.jpg,copo,2,piso_textura,fora,dia,2
photo_0653.jpg,copo,2,piso_textura,fora,dia,3
photo_0654.jpg,copo,3,piso_textura,fora,dia,1
photo_0655.jpg,copo,3,piso_textura,fora,dia,2
photo_0656.jpg,copo,3,piso_textura,fora,dia,3
photo_0657.jpg,copo,4,piso_textura,fora,dia,1
photo_0658.jpg,copo,4,piso_textura,fora,dia,2
photo_0659.jpg,copo,4,piso_textura,fora,dia,3
photo_0660.jpg,controle_remoto,1,piso_textura,fora,dia,1
photo_0661.jpg,controle_remoto,1,piso_textura,fora,dia,2
photo_0662.jpg,controle_remoto,1,piso_textura,fora,dia,3
photo_0663.jpg,controle_remoto,2,piso_textura,fora,dia,1
photo_0664.jpg,controle_remoto,2,piso_textura,fora,dia,2
photo_0665.jpg,controle_remoto,2,piso_textura,fora,dia,3
photo_0666.jpg,controle_remoto,3,piso_textura,fora,dia,1
photo_0667.jpg,controle_remoto,3,piso_textura,fora,dia,2
photo_0668.jpg,controle_remoto,3,piso_textura,fora,dia,3
photo_0669.jpg,controle_remoto,4,piso_textura,fora,dia,1
photo_0670.jpg,controle_remoto,4,piso_textura,fora,dia,2
photo_0671.jpg,controle_remoto,4,piso_textura,fora,dia,3
photo_0672.jpg,tenis,1,piso_textura,fora,dia,1
photo_0673.jpg,tenis,1,piso_textura,fora,dia,2
photo_0674.jpg,tenis,1,piso_textura,fora,dia,3
photo_0675.jpg,tenis,2,piso_textura,fora,dia,1
photo_0676.jpg,tenis,2,piso_textura,fora,dia,2
photo_0677.jpg,tenis,2,piso_textura,fora,dia,3
photo_0678.jpg,tenis,3,piso_textura,fora,dia,1
photo_0679.jpg,tenis,3,piso_textura,fora,dia,2
photo_0680.jpg,tenis,3,piso_textura,fora,dia,3
photo_0681.jpg,tenis,4,piso_textura,fora,dia,1
photo_0682.jpg,tenis,4,piso_textura,fora,dia,2
photo_0683.jpg,tenis,4,piso_textura,fora,dia,3
photo_0684.jpg,tenis,5,piso_textura,fora,dia,1
photo_0685.jpg,tenis,5,piso_textura,fora,dia,2
photo_0686.jpg,tenis,5,piso_textura,fora,dia,3
photo_0687.jpg,copo,4,toalha_amarela,fora,dia,1
photo_0688.jpg,copo,4,toalha_amarela,fora,dia,2
photo_0689.jpg,copo,4,toalha_amarela,fora,dia,3
photo_0690.jpg,copo,1,toalha_amarela,fora,dia,1
photo_0691.jpg,copo,1,toalha_amarela,fora,dia,2
photo_0692.jpg,copo,1,toalha_amarela,fora,dia,3
photo_0693.jpg,copo,2,toalha_amarela,fora,dia,1
photo_0694.jpg,copo,2,toalha_amarela,fora,dia,2
photo_0695.jpg,copo,2,toalha_amarela,fora,dia,3
photo_0696.jpg,copo,3,toalha_amarela,fora,dia,1
photo_0697.jpg,copo,3,toalha_amarela,fora,dia,2
photo_0698.jpg,copo,3,toalha_amarela,fora,dia,3
photo_0699.jpg,controle_remoto,1,toalha_amarela,fora,dia,1
photo_0700.jpg,controle_remoto,1,toalha_amarela,fora,dia,2
photo_0701.jpg,controle_remoto,1,toalha_amarela,fora,dia,3
photo_0702.jpg,controle_remoto,2,toalha_amarela,fora,dia,1
photo_0703.jpg,controle_remoto,2,toalha_amarela,fora,dia,2
photo_0704.jpg,controle_remoto,2,toalha_amarela,fora,dia,3
photo_0705.jpg,controle_remoto,3,toalha_amarela,fora,dia,1
photo_0706.jpg,controle_remoto,3,toalha_amarela,fora,dia,2
photo_0707.jpg,controle_remoto,3,toalha_amarela,fora,dia,3
photo_0708.jpg,controle_remoto,4,toalha_amarela,fora,dia,1
photo_0709.jpg,controle_remoto,4,toalha_amarela,fora,dia,2
photo_0710.jpg,controle_remoto,4,toalha_amarela,fora,dia,3
photo_0711.jpg,tenis,4,toalha_amarela,fora,dia,1
photo_0712.jpg,tenis,4,toalha_amarela,fora,dia,2
photo_0713.jpg,tenis,4,toalha_amarela,fora,dia,3
photo_0714.jpg,tenis,3,toalha_amarela,fora,dia,1
photo_0715.jpg,tenis,3,toalha_amarela,fora,dia,2
photo_0716.jpg,tenis,3,toalha_amarela,fora,dia,3
photo_0717.jpg,tenis,2,toalha_amarela,fora,dia,1
photo_0718.jpg,tenis,2,toalha_amarela,fora,dia,2
photo_0719.jpg,tenis,2,toalha_amarela,fora,dia,3
photo_0720.jpg,tenis,1,toalha_amarela,fora,dia,1
photo_0721.jpg,tenis,1,toalha_amarela,fora,dia,2
photo_0722.jpg,tenis,1,toalha_amarela,fora,dia,3
photo_0723.jpg,tenis,5,toalha_amarela,fora,dia,1
photo_0724.jpg,tenis,5,toalha_amarela,fora,dia,2
photo_0725.jpg,tenis,5,toalha_amarela,fora,dia,3
photo_0726.jpg,copo,4,toalha_marrom,fora,dia,1
photo_0727.jpg,copo,4,toalha_marrom,fora,dia,2
photo_0728.jpg,copo,4,toalha_marrom,fora,dia,3
photo_0729.jpg,copo,1,toalha_marrom,fora,dia,1
photo_0730.jpg,copo,1,toalha_marrom,fora,dia,2
photo_0731.jpg,copo,1,toalha_marrom,fora,dia,3
photo_0732.jpg,copo,2,toalha_marrom,fora,dia,1
photo_0733.jpg,copo,2,toalha_marrom,fora,dia,2
photo_0734.jpg,copo,2,toalha_marrom,fora,dia,3
photo_0735.jpg,copo,3,toalha_marrom,fora,dia,1
photo_0736.jpg,copo,3,toalha_marrom,fora,dia,2
photo_0737.jpg,copo,3,toalha_marrom,fora,dia,3
photo_0738.jpg,controle_remoto,1,toalha_marrom,fora,dia,1
photo_0739.jpg,controle_remoto,1,toalha_marrom,fora,dia,2
photo_0740.jpg,controle_remoto,1,toalha_marrom,fora,dia,3
photo_0741.jpg,controle_remoto,2,toalha_marrom,fora,dia,1
photo_0742.jpg,controle_remoto,2,toalha_marrom,fora,dia,2
photo_0743.jpg,controle_remoto,2,toalha_marrom,fora,dia,3
photo_0744.jpg,controle_remoto,3,toalha_marrom,fora,dia,1
photo_0745.jpg,controle_remoto,3,toalha_marrom,fora,dia,2
photo_0746.jpg,controle_remoto,3,toalha_marrom,fora,dia,3
photo_0747.jpg,controle_remoto,4,toalha_marrom,fora,dia,1
photo_0748.jpg,controle_remoto,4,toalha_marrom,fora,dia,2
photo_0749.jpg,controle_remoto,4,toalha_marrom,fora,dia,3
photo_0750.jpg,tenis,5,toalha_marrom,fora,dia,1
photo_0751.jpg,tenis,5,toalha_marrom,fora,dia,2
photo_0752.jpg,tenis,5,toalha_marrom,fora,dia,3
photo_0753.jpg,tenis,1,toalha_marrom,fora,dia,1
photo_0754.jpg,tenis,1,toalha_marrom,fora,dia,2
photo_0755.jpg,tenis,1,toalha_marrom,fora,dia,3
photo_0756.jpg,tenis,4,toalha_marrom,fora,dia,1
photo_0757.jpg,tenis,4,toalha_marrom,fora,dia,2
photo_0758.jpg,tenis,4,toalha_marrom,fora,dia,3
photo_0759.jpg,tenis,3,toalha_marrom,fora,dia,1
photo_0760.jpg,tenis,3,toalha_marrom,fora,dia,2
photo_0761.jpg,tenis,3,toalha_marrom,fora,dia,3
photo_0762.jpg,tenis,2,toalha_marrom,fora,dia,1
photo_0763.jpg,tenis,2,toalha_marrom,fora,dia,2
photo_0764.jpg,tenis,2,toalha_marrom,fora,dia,3
photo_0765.jpg,copo,1,piso_liso,dentro,dia,1
photo_0766.jpg,copo,1,piso_liso,dentro,dia,2
photo_0767.jpg,copo,1,piso_liso,dentro,dia,3
photo_0768.jpg,copo,2,piso_liso,dentro,dia,1
photo_0769.jpg,copo,2,piso_liso,dentro,dia,2
photo_0770.jpg,copo,2,piso_liso,dentro,dia,3
photo_0771.jpg,copo,3,piso_liso,dentro,dia,1
photo_0772.jpg,copo,3,piso_liso,dentro,dia,2
photo_0773.jpg,copo,3,piso_liso,dentro,dia,3
photo_0774.jpg,copo,4,piso_liso,dentro,dia,1
photo_0775.jpg,copo,4,piso_liso,dentro,dia,2
photo_0776.jpg,copo,4,piso_liso,dentro,dia,3
photo_0777.jpg,controle_remoto,1,piso_liso,dentro,dia,1
photo_0778.jpg,controle_remoto,1,piso_liso,dentro,dia,2
photo_0779.jpg,controle_remoto,1,piso_liso,dentro,dia,3
photo_0780.jpg,controle_remoto,2,piso_liso,dentro,dia,1
photo_0781.jpg,controle_remoto,2,piso_liso,dentro,dia,2
photo_0782.jpg,controle_remoto,2,piso_liso,dentro,dia,3
photo_0783.jpg,controle_remoto,4,piso_liso,dentro,dia,1
photo_0784.jpg,controle_remoto,4,piso_liso,dentro,dia,2
photo_0785.jpg,controle_remoto,4,piso_liso,dentro,dia,3
photo_0786.jpg,controle_remoto,3,piso_liso,dentro,dia,1
photo_0787.jpg,controle_remoto,3,piso_liso,dentro,dia,2
photo_0788.jpg,controle_remoto,3,piso_liso,dentro,dia,3
photo_0789.jpg,tenis,3,piso_liso,dentro,dia,1
photo_0790.jpg,tenis,3,piso_liso,dentro,dia,2
photo_0791.jpg,tenis,3,piso_liso,dentro,dia,3
photo_0792.jpg,tenis,2,piso_liso,dentro,dia,1
photo_0793.jpg,tenis,2,piso_liso,dentro,dia,2
photo_0794.jpg,tenis,2,piso_liso,dentro,dia,3
photo_0795.jpg,tenis,1,piso_liso,dentro,dia,1
photo_0796.jpg,tenis,1,piso_liso,dentro,dia,2
photo_0797.jpg,tenis,1,piso_liso,dentro,dia,3
photo_0798.jpg,tenis,4,piso_liso,dentro,dia,1
photo_0799.jpg,tenis,4,piso_liso,dentro,dia,2
photo_0800.jpg,tenis,4,piso_liso,dentro,dia,3
photo_0801.jpg,tenis,5,piso_liso,dentro,dia,1
photo_0802.jpg,tenis,5,piso_liso,dentro,dia,2
photo_0803.jpg,tenis,5,piso_liso,dentro,dia,3
photo_0804.jpg,copo,4,toalha_amarela,dentro,dia,1
photo_0805.jpg,copo,4,toalha_amarela,dentro,dia,2
photo_0806.jpg,copo,4,toalha_amarela,dentro,dia,3
photo_0807.jpg,copo,1,toalha_amarela,dentro,dia,1
photo_0808.jpg,copo,1,toalha_amarela,dentro,dia,2
photo_0809.jpg,copo,1,toalha_amarela,dentro,dia,3
photo_0810.jpg,copo,2,toalha_amarela,dentro,dia,1
photo_0811.jpg,copo,2,toalha_amarela,dentro,dia,2
photo_0812.jpg,copo,2,toalha_amarela,dentro,dia,3
photo_0813.jpg,copo,3,toalha_amarela,dentro,dia,1
photo_0814.jpg,copo,3,toalha_amarela,dentro,dia,2
photo_0815.jpg,copo,3,toalha_amarela,dentro,dia,3
photo_0816.jpg,controle_remoto,3,toalha_amarela,dentro,dia,1
photo_0817.jpg,controle_remoto,3,toalha_amarela,dentro,dia,2
photo_0818.jpg,controle_remoto,3,toalha_amarela,dentro,dia,3
photo_0819.jpg,controle_remoto,2,toalha_amarela,dentro,dia,1
photo_0820.jpg,controle_remoto,2,toalha_amarela,dentro,dia,2
photo_0821.jpg,controle_remoto,2,toalha_amarela,dentro,dia,3
photo_0822.jpg,controle_remoto,4,toalha_amarela,dentro,dia,1
photo_0823.jpg,controle_remoto,4,toalha_amarela,dentro,dia,2
photo_0824.jpg,controle_remoto,4,toalha_amarela,dentro,dia,3
photo_0825.jpg,controle_remoto,1,toalha_amarela,dentro,dia,1
photo_0826.jpg,controle_remoto,1,toalha_amarela,dentro,dia,2
photo_0827.jpg,controle_remoto,1,toalha_amarela,dentro,dia,3
photo_0828.jpg,tenis,1,toalha_amarela,dentro,dia,1
photo_0829.jpg,tenis,1,toalha_amarela,dentro,dia,2
photo_0830.jpg,tenis,1,toalha_amarela,dentro,dia,3
photo_0831.jpg,tenis,3,toalha_amarela,dentro,dia,1
photo_0832.jpg,tenis,3,toalha_amarela,dentro,dia,2
photo_0833.jpg,tenis,3,toalha_amarela,dentro,dia,3
photo_0834.jpg,tenis,2,toalha_amarela,dentro,dia,1
photo_0835.jpg,tenis,2,toalha_amarela,dentro,dia,2
photo_0836.jpg,tenis,2,toalha_amarela,dentro,dia,3
photo_0837.jpg,tenis,4,toalha_amarela,dentro,dia,1
photo_0838.jpg,tenis,4,toalha_amarela,dentro,dia,2
photo_0839.jpg,tenis,4,toalha_amarela,dentro,dia,3
photo_0840.jpg,tenis,5,toalha_amarela,dentro,dia,1
photo_0841.jpg,tenis,5,toalha_amarela,dentro,dia,2
photo_0842.jpg,tenis,5,toalha_amarela,dentro,dia,3
photo_0843.jpg,copo,3,toalha_marrom,dentro,dia,1
photo_0844.jpg,copo,3,toalha_marrom,dentro,dia,2
photo_0845.jpg,copo,3,toalha_marrom,dentro,dia,3
photo_0846.jpg,copo,2,toalha_marrom,dentro,dia,1
photo_0847.jpg,copo,2,toalha_marrom,dentro,dia,2
photo_0848.jpg,copo,2,toalha_marrom,dentro,dia,3
photo_0849.jpg,copo,4,toalha_marrom,dentro,dia,1
photo_0850.jpg,copo,4,toalha_marrom,dentro,dia,2
photo_0851.jpg,copo,4,toalha_marrom,dentro,dia,3
photo_0852.jpg,copo,1,toalha_marrom,dentro,dia,1
photo_0853.jpg,copo,1,toalha_marrom,dentro,dia,2
photo_0854.jpg,copo,1,toalha_marrom,dentro,dia,3
photo_0855.jpg,controle_remoto,1,toalha_marrom,dentro,dia,1
photo_0856.jpg,controle_remoto,1,toalha_marrom,dentro,dia,2
photo_0857.jpg,controle_remoto,1,toalha_marrom,dentro,dia,3
photo_0858.jpg,controle_remoto,4,toalha_marrom,dentro,dia,1
photo_0859.jpg,controle_remoto,4,toalha_marrom,dentro,dia,2
photo_0860.jpg,controle_remoto,4,toalha_marrom,dentro,dia,3
photo_0861.jpg,controle_remoto,2,toalha_marrom,dentro,dia,1
photo_0862.jpg,controle_remoto,2,toalha_marrom,dentro,dia,2
photo_0863.jpg,controle_remoto,2,toalha_marrom,dentro,dia,3
photo_0864.jpg,controle_remoto,3,toalha_marrom,dentro,dia,1
photo_0865.jpg,controle_remoto,3,toalha_marrom,dentro,dia,2
photo_0866.jpg,controle_remoto,3,toalha_marrom,dentro,dia,3
photo_0867.jpg,tenis,5,toalha_marrom,dentro,dia,1
photo_0868.jpg,tenis,5,toalha_marrom,dentro,dia,2
photo_0869.jpg,tenis,5,toalha_marrom,dentro,dia,3
photo_0870.jpg,tenis,4,toalha_marrom,dentro,dia,1
photo_0871.jpg,tenis,4,toalha_marrom,dentro,dia,2
photo_0872.jpg,tenis,4,toalha_marrom,dentro,dia,3
photo_0873.jpg,tenis,2,toalha_marrom,dentro,dia,1
photo_0874.jpg,tenis,2,toalha_marrom,dentro,dia,2
photo_0875.jpg,tenis,2,toalha_marrom,dentro,dia,3
photo_0876.jpg,tenis,3,toalha_marrom,dentro,dia,1
photo_0877.jpg,tenis,3,toalha_marrom,dentro,dia,2
photo_0878.jpg,tenis,3,toalha_marrom,dentro,dia,3
photo_0879.jpg,tenis,1,toalha_marrom,dentro,dia,1
photo_0880.jpg,tenis,1,toalha_marrom,dentro,dia,2
photo_0881.jpg,tenis,1,toalha_marrom,dentro,dia,3
photo_0882.jpg,copo,1,piso_liso,dentro,noite,1
photo_0883.jpg,copo,1,piso_liso,dentro,noite,2
photo_0884.jpg,copo,1,piso_liso,dentro,noite,3
photo_0885.jpg,copo,2,piso_liso,dentro,noite,1
photo_0886.jpg,copo,2,piso_liso,dentro,noite,2
photo_0887.jpg,copo,2,piso_liso,dentro,noite,3
photo_0888.jpg,copo,3,piso_liso,dentro,noite,1
photo_0889.jpg,copo,3,piso_liso,dentro,noite,2
photo_0890.jpg,copo,3,piso_liso,dentro,noite,3
photo_0891.jpg,copo,4,piso_liso,dentro,noite,1
photo_0892.jpg,copo,4,piso_liso,dentro,noite,2
photo_0893.jpg,copo,4,piso_liso,dentro,noite,3
photo_0894.jpg,controle_remoto,2,piso_liso,dentro,noite,1
photo_0895.jpg,controle_remoto,2,piso_liso,dentro,noite,2
photo_0896.jpg,controle_remoto,2,piso_liso,dentro,noite,3
photo_0897.jpg,controle_remoto,1,piso_liso,dentro,noite,1
photo_0898.jpg,controle_remoto,1,piso_liso,dentro,noite,2
photo_0899.jpg,controle_remoto,1,piso_liso,dentro,noite,3
photo_0900.jpg,controle_remoto,3,piso_liso,dentro,noite,1
photo_0901.jpg,controle_remoto,3,piso_liso,dentro,noite,2
photo_0902.jpg,controle_remoto,3,piso_liso,dentro,noite,3
photo_0903.jpg,controle_remoto,4,piso_liso,dentro,noite,1
photo_0904.jpg,controle_remoto,4,piso_liso,dentro,noite,2
photo_0905.jpg,controle_remoto,4,piso_liso,dentro,noite,3
photo_0906.jpg,tenis,4,piso_liso,dentro,noite,1
photo_0907.jpg,tenis,4,piso_liso,dentro,noite,2
photo_0908.jpg,tenis,4,piso_liso,dentro,noite,3
photo_0909.jpg,tenis,3,piso_liso,dentro,noite,1
photo_0910.jpg,tenis,3,piso_liso,dentro,noite,2
photo_0911.jpg,tenis,3,piso_liso,dentro,noite,3
photo_0912.jpg,tenis,1,piso_liso,dentro,noite,1
photo_0913.jpg,tenis,1,piso_liso,dentro,noite,2
photo_0914.jpg,tenis,1,piso_liso,dentro,noite,3
photo_0915.jpg,tenis,2,piso_liso,dentro,noite,1
photo_0916.jpg,tenis,2,piso_liso,dentro,noite,2
photo_0917.jpg,tenis,2,piso_liso,dentro,noite,3
photo_0918.jpg,tenis,5,piso_liso,dentro,noite,1
photo_0919.jpg,tenis,5,piso_liso,dentro,noite,2
photo_0920.jpg,tenis,5,piso_liso,dentro,noite,3
photo_0921.jpg,copo,4,toalha_amarela,dentro,noite,1
photo_0922.jpg,copo,4,toalha_amarela,dentro,noite,2
photo_0923.jpg,copo,4,toalha_amarela,dentro,noite,3
photo_0924.jpg,copo,3,toalha_amarela,dentro,noite,1
photo_0925.jpg,copo,3,toalha_amarela,dentro,noite,2
photo_0926.jpg,copo,3,toalha_amarela,dentro,noite,3
photo_0927.jpg,copo,1,toalha_amarela,dentro,noite,1
photo_0928.jpg,copo,1,toalha_amarela,dentro,noite,2
photo_0929.jpg,copo,1,toalha_amarela,dentro,noite,3
photo_0930.jpg,copo,2,toalha_amarela,dentro,noite,1
photo_0931.jpg,copo,2,toalha_amarela,dentro,noite,2
photo_0932.jpg,copo,2,toalha_amarela,dentro,noite,3
photo_0933.jpg,controle_remoto,2,toalha_amarela,dentro,noite,1
photo_0934.jpg,controle_remoto,2,toalha_amarela,dentro,noite,2
photo_0935.jpg,controle_remoto,2,toalha_amarela,dentro,noite,3
photo_0936.jpg,controle_remoto,1,toalha_amarela,dentro,noite,1
photo_0937.jpg,controle_remoto,1,toalha_amarela,dentro,noite,2
photo_0938.jpg,controle_remoto,1,toalha_amarela,dentro,noite,3
photo_0939.jpg,controle_remoto,3,toalha_amarela,dentro,noite,1
photo_0940.jpg,controle_remoto,3,toalha_amarela,dentro,noite,2
photo_0941.jpg,controle_remoto,3,toalha_amarela,dentro,noite,3
photo_0942.jpg,controle_remoto,4,toalha_amarela,dentro,noite,1
photo_0943.jpg,controle_remoto,4,toalha_amarela,dentro,noite,2
photo_0944.jpg,controle_remoto,4,toalha_amarela,dentro,noite,3
photo_0945.jpg,tenis,4,toalha_amarela,dentro,noite,1
photo_0946.jpg,tenis,4,toalha_amarela,dentro,noite,2
photo_0947.jpg,tenis,4,toalha_amarela,dentro,noite,3
photo_0948.jpg,tenis,3,toalha_amarela,dentro,noite,1
photo_0949.jpg,tenis,3,toalha_amarela,dentro,noite,2
photo_0950.jpg,tenis,3,toalha_amarela,dentro,noite,3
photo_0951.jpg,tenis,5,toalha_amarela,dentro,noite,1
photo_0952.jpg,tenis,5,toalha_amarela,dentro,noite,2
photo_0953.jpg,tenis,5,toalha_amarela,dentro,noite,3
photo_0954.jpg,tenis,1,toalha_amarela,dentro,noite,1
photo_0955.jpg,tenis,1,toalha_amarela,dentro,noite,2
photo_0956.jpg,tenis,1,toalha_amarela,dentro,noite,3
photo_0957.jpg,tenis,2,toalha_amarela,dentro,noite,1
photo_0958.jpg,tenis,2,toalha_amarela,dentro,noite,2
photo_0959.jpg,tenis,2,toalha_amarela,dentro,noite,3
photo_0960.jpg,copo,3,toalha_marrom,dentro,noite,1
photo_0961.jpg,copo,3,toalha_marrom,dentro,noite,2
photo_0962.jpg,copo,3,toalha_marrom,dentro,noite,3
photo_0963.jpg,copo,2,toalha_marrom,dentro,noite,1
photo_0964.jpg,copo,2,toalha_marrom,dentro,noite,2
photo_0965.jpg,copo,2,toalha_marrom,dentro,noite,3
photo_0966.jpg,copo,4,toalha_marrom,dentro,noite,1
photo_0967.jpg,copo,4,toalha_marrom,dentro,noite,2
photo_0968.jpg,copo,4,toalha_marrom,dentro,noite,3
photo_0969.jpg,copo,1,toalha_marrom,dentro,noite,1
photo_0970.jpg,copo,1,toalha_marrom,dentro,noite,2
photo_0971.jpg,copo,1,toalha_marrom,dentro,noite,3
photo_0972.jpg,tenis,2,toalha_marrom,dentro,noite,1
photo_0973.jpg,tenis,2,toalha_marrom,dentro,noite,2
photo_0974.jpg,tenis,2,toalha_marrom,dentro,noite,3
photo_0975.jpg,tenis,3,toalha_marrom,dentro,noite,1
photo_0976.jpg,tenis,3,toalha_marrom,dentro,noite,2
photo_0977.jpg,tenis,3,toalha_marrom,dentro,noite,3
photo_0978.jpg,tenis,1,toalha_marrom,dentro,noite,1
photo_0979.jpg,tenis,1,toalha_marrom,dentro,noite,2
photo_0980.jpg,tenis,1,toalha_marrom,dentro,noite,3
photo_0981.jpg,tenis,5,toalha_marrom,dentro,noite,1
photo_0982.jpg,tenis,5,toalha_marrom,dentro,noite,2
photo_0983.jpg,tenis,5,toalha_marrom,dentro,noite,3
photo_0984.jpg,tenis,4,toalha_marrom,dentro,noite,1
photo_0985.jpg,tenis,4,toalha_marrom,dentro,noite,2
photo_0986.jpg,tenis,4,toalha_marrom,dentro,noite,3
photo_0987.jpg,controle_remoto,4,toalha_marrom,dentro,noite,1
photo_0988.jpg,controle_remoto,4,toalha_marrom,dentro,noite,2
photo_0989.jpg,controle_remoto,4,toalha_marrom,dentro,noite,3
photo_0990.jpg,controle_remoto,3,toalha_marrom,dentro,noite,1
photo_0991.jpg,controle_remoto,3,toalha_marrom,dentro,noite,2
photo_0992.jpg,controle_remoto,3,toalha_marrom,dentro,noite,3
photo_0993.jpg,controle_remoto,1,toalha_marrom,dentro,noite,1
photo_0994.jpg,controle_remoto,1,toalha_marrom,dentro,noite,2
photo_0995.jpg,controle_remoto,1,toalha_marrom,dentro,noite,3
photo_0996.jpg,controle_remoto,2,toalha_marrom,dentro,noite,1
photo_0997.jpg,controle_remoto,2,toalha_marrom,dentro,noite,2
photo_0998.jpg,controle_remoto,2,toalha_marrom,dentro,noite,3
photo_0999.jpg,copo,1,piso_textura,fora,noite,1
photo_1000.jpg,copo,1,piso_textura,fora,noite,2
photo_1001.jpg,copo,1,piso_textura,fora,noite,3
photo_1002.jpg,copo,2,piso_textura,fora,noite,1
photo_1003.jpg,copo,2,piso_textura,fora,noite,2
photo_1004.jpg,copo,2,piso_textura,fora,noite,3
photo_1005.jpg,copo,3,piso_textura,fora,noite,1
photo_1006.jpg,copo,3,piso_textura,fora,noite,2
photo_1007.jpg,copo,3,piso_textura,fora,noite,3
photo_1008.jpg,copo,4,piso_textura,fora,noite,1
photo_1009.jpg,copo,4,piso_textura,fora,noite,2
photo_1010.jpg,copo,4,piso_textura,fora,noite,3
photo_1011.jpg,controle_remoto,3,piso_textura,fora,noite,1
photo_1012.jpg,controle_remoto,3,piso_textura,fora,noite,2
photo_1013.jpg,controle_remoto,3,piso_textura,fora,noite,3
photo_1014.jpg,controle_remoto,4,piso_textura,fora,noite,1
photo_1015.jpg,controle_remoto,4,piso_textura,fora,noite,2
photo_1016.jpg,controle_remoto,4,piso_textura,fora,noite,3
photo_1017.jpg,controle_remoto,1,piso_textura,fora,noite,1
photo_1018.jpg,controle_remoto,1,piso_textura,fora,noite,2
photo_1019.jpg,controle_remoto,1,piso_textura,fora,noite,3
photo_1020.jpg,controle_remoto,2,piso_textura,fora,noite,1
photo_1021.jpg,controle_remoto,2,piso_textura,fora,noite,2
photo_1022.jpg,controle_remoto,2,piso_textura,fora,noite,3
photo_1023.jpg,tenis,3,piso_textura,fora,noite,1
photo_1024.jpg,tenis,3,piso_textura,fora,noite,2
photo_1025.jpg,tenis,3,piso_textura,fora,noite,3
photo_1026.jpg,tenis,1,piso_textura,fora,noite,1
photo_1027.jpg,tenis,1,piso_textura,fora,noite,2
photo_1028.jpg,tenis,1,piso_textura,fora,noite,3
photo_1029.jpg,tenis,2,piso_textura,fora,noite,1
photo_1030.jpg,tenis,2,piso_textura,fora,noite,2
photo_1031.jpg,tenis,2,piso_textura,fora,noite,3
photo_1032.jpg,tenis,5,piso_textura,fora,noite,1
photo_1033.jpg,tenis,5,piso_textura,fora,noite,2
photo_1034.jpg,tenis,5,piso_textura,fora,noite,3
photo_1035.jpg,tenis,4,piso_textura,fora,noite,1
photo_1036.jpg,tenis,4,piso_textura,fora,noite,2
photo_1037.jpg,tenis,4,piso_textura,fora,noite,3
photo_1038.jpg,copo,1,toalha_amarela,fora,noite,1
photo_1039.jpg,copo,1,toalha_amarela,fora,noite,2
photo_1040.jpg,copo,1,toalha_amarela,fora,noite,3
photo_1041.jpg,copo,4,toalha_amarela,fora,noite,1
photo_1042.jpg,copo,4,toalha_amarela,fora,noite,2
photo_1043.jpg,copo,4,toalha_amarela,fora,noite,3
photo_1044.jpg,copo,3,toalha_amarela,fora,noite,1
photo_1045.jpg,copo,3,toalha_amarela,fora,noite,2
photo_1046.jpg,copo,3,toalha_amarela,fora,noite,3
photo_1047.jpg,copo,2,toalha_amarela,fora,noite,1
photo_1048.jpg,copo,2,toalha_amarela,fora,noite,2
photo_1049.jpg,copo,2,toalha_amarela,fora,noite,3
photo_1050.jpg,controle_remoto,1,toalha_amarela,fora,noite,1
photo_1051.jpg,controle_remoto,1,toalha_amarela,fora,noite,2
photo_1052.jpg,controle_remoto,1,toalha_amarela,fora,noite,3
photo_1053.jpg,controle_remoto,4,toalha_amarela,fora,noite,1
photo_1054.jpg,controle_remoto,4,toalha_amarela,fora,noite,2
photo_1055.jpg,controle_remoto,4,toalha_amarela,fora,noite,3
photo_1056.jpg,controle_remoto,3,toalha_amarela,fora,noite,1
photo_1057.jpg,controle_remoto,3,toalha_amarela,fora,noite,2
photo_1058.jpg,controle_remoto,3,toalha_amarela,fora,noite,3
photo_1059.jpg,controle_remoto,2,toalha_amarela,fora,noite,1
photo_1060.jpg,controle_remoto,2,toalha_amarela,fora,noite,2
photo_1061.jpg,controle_remoto,2,toalha_amarela,fora,noite,3
photo_1062.jpg,tenis,2,toalha_amarela,fora,noite,1
photo_1063.jpg,tenis,2,toalha_amarela,fora,noite,2
photo_1064.jpg,tenis,2,toalha_amarela,fora,noite,3
photo_1065.jpg,tenis,3,toalha_amarela,fora,noite,1
photo_1066.jpg,tenis,3,toalha_amarela,fora,noite,2
photo_1067.jpg,tenis,3,toalha_amarela,fora,noite,3
photo_1068.jpg,tenis,1,toalha_amarela,fora,noite,1
photo_1069.jpg,tenis,1,toalha_amarela,fora,noite,2
photo_1070.jpg,tenis,1,toalha_amarela,fora,noite,3
photo_1071.jpg,tenis,4,toalha_amarela,fora,noite,1
photo_1072.jpg,tenis,4,toalha_amarela,fora,noite,2
photo_1073.jpg,tenis,4,toalha_amarela,fora,noite,3
photo_1074.jpg,tenis,5,toalha_amarela,fora,noite,1
photo_1075.jpg,tenis,5,toalha_amarela,fora,noite,2
photo_1076.jpg,tenis,5,toalha_amarela,fora,noite,3
photo_1077.jpg,copo,3,toalha_marrom,fora,noite,1
photo_1078.jpg,copo,3,toalha_marrom,fora,noite,2
photo_1079.jpg,copo,3,toalha_marrom,fora,noite,3
photo_1080.jpg,copo,4,toalha_marrom,fora,noite,1
photo_1081.jpg,copo,4,toalha_marrom,fora,noite,2
photo_1082.jpg,copo,4,toalha_marrom,fora,noite,3
photo_1083.jpg,copo,1,toalha_marrom,fora,noite,1
photo_1084.jpg,copo,1,toalha_marrom,fora,noite,2
photo_1085.jpg,copo,1,toalha_marrom,fora,noite,3
photo_1086.jpg,copo,2,toalha_marrom,fora,noite,1
photo_1087.jpg,copo,2,toalha_marrom,fora,noite,2
photo_1088.jpg,copo,2,toalha_marrom,fora,noite,3
photo_1089.jpg,controle_remoto,4,toalha_marrom,fora,noite,1
photo_1090.jpg,controle_remoto,4,toalha_marrom,fora,noite,2
photo_1091.jpg,controle_remoto,4,toalha_marrom,fora,noite,3
photo_1092.jpg,controle_remoto,1,toalha_marrom,fora,noite,1
photo_1093.jpg,controle_remoto,1,toalha_marrom,fora,noite,2
photo_1094.jpg,controle_remoto,1,toalha_marrom,fora,noite,3
photo_1095.jpg,controle_remoto,3,toalha_marrom,fora,noite,1
photo_1096.jpg,controle_remoto,3,toalha_marrom,fora,noite,2
photo_1097.jpg,controle_remoto,3,toalha_marrom,fora,noite,3
photo_1098.jpg,controle_remoto,2,toalha_marrom,fora,noite,1
photo_1099.jpg,controle_remoto,2,toalha_marrom,fora,noite,2
photo_1100.jpg,controle_remoto,2,toalha_marrom,fora,noite,3
photo_1101.jpg,tenis,4,toalha_marrom,fora,noite,1
photo_1102.jpg,tenis,4,toalha_marrom,fora,noite,2
photo_1103.jpg,tenis,4,toalha_marrom,fora,noite,3
photo_1104.jpg,tenis,3,toalha_marrom,fora,noite,1
photo_1105.jpg,tenis,3,toalha_marrom,fora,noite,2
photo_1106.jpg,tenis,3,toalha_marrom,fora,noite,3
photo_1107.jpg,tenis,2,toalha_marrom,fora,noite,1
photo_1108.jpg,tenis,2,toalha_marrom,fora,noite,2
photo_1109.jpg,tenis,2,toalha_marrom,fora,noite,3
photo_1110.jpg,tenis,1,toalha_marrom,fora,noite,1
photo_1111.jpg,tenis,1,toalha_marrom,fora,noite,2
photo_1112.jpg,tenis,1,toalha_marrom,fora,noite,3
photo_1113.jpg,tenis,5,toalha_marrom,fora,noite,1
photo_1114.jpg,tenis,5,toalha_marrom,fora,noite,2
photo_1115.jpg,tenis,5,toalha_marrom,fora,noite,3
photo_1116.jpg,caneta,1,piso_textura,fora,dia,1
photo_1117.jpg,caneta,1,piso_textura,fora,dia,2
photo_1118.jpg,caneta,1,piso_textura,fora,dia,3
photo_1119.jpg,caneta,2,piso_textura,fora,dia,1
photo_1120.jpg,caneta,2,piso_textura,fora,dia,2
photo_1121.jpg,caneta,2,piso_textura,fora,dia,3
photo_1122.jpg,caneta,3,piso_textura,fora,dia,1
photo_1123.jpg,caneta,3,piso_textura,fora,dia,2
photo_1124.jpg,caneta,3,piso_textura,fora,dia,3
photo_1125.jpg,caneta,4,piso_textura,fora,dia,1
photo_1126.jpg,caneta,4,piso_textura,fora,dia,2
photo_1127.jpg,caneta,4,piso_textura,fora,dia,3
photo_1128.jpg,mouse,1,piso_textura,fora,dia,1
photo_1129.jpg,mouse,1,piso_textura,fora,dia,2
photo_1130.jpg,mouse,1,piso_textura,fora,dia,3
photo_1131.jpg,mouse,2,piso_textura,fora,dia,1
photo_1132.jpg,mouse,2,piso_textura,fora,dia,2
photo_1133.jpg,mouse,2,piso_textura,fora,dia,3
photo_1134.jpg,mouse,3,piso_textura,fora,dia,1
photo_1135.jpg,mouse,3,piso_textura,fora,dia,2
photo_1136.jpg,mouse,3,piso_textura,fora,dia,3
photo_1137.jpg,mouse,4,piso_textura,fora,dia,1
photo_1138.jpg,mouse,4,piso_textura,fora,dia,2
photo_1139.jpg,mouse,4,piso_textura,fora,dia,3
photo_1140.jpg,cumbuca,1,piso_textura,fora,dia,1
photo_1141.jpg,cumbuca,1,piso_textura,fora,dia,2
photo_1142.jpg,cumbuca,1,piso_textura,fora,dia,3
photo_1143.jpg,cumbuca,2,piso_textura,fora,dia,1
photo_1144.jpg,cumbuca,2,piso_textura,fora,dia,2
photo_1145.jpg,cumbuca,2,piso_textura,fora,dia,3
photo_1146.jpg,cumbuca,3,piso_textura,fora,dia,1
photo_1147.jpg,cumbuca,3,piso_textura,fora,dia,2
photo_1148.jpg,cumbuca,3,piso_textura,fora,dia,3
photo_1149.jpg,cumbuca,4,piso_textura,fora,dia,1
photo_1150.jpg,cumbuca,4,piso_textura,fora,dia,2
photo_1151.jpg,cumbuca,4,piso_textura,fora,dia,3
photo_1152.jpg,mouse,4,toalha_amarela,fora,dia,1
photo_1153.jpg,mouse,4,toalha_amarela,fora,dia,2
photo_1154.jpg,mouse,4,toalha_amarela,fora,dia,3
photo_1155.jpg,mouse,2,toalha_amarela,fora,dia,1
photo_1156.jpg,mouse,2,toalha_amarela,fora,dia,2
photo_1157.jpg,mouse,2,toalha_amarela,fora,dia,3
photo_1158.jpg,mouse,1,toalha_amarela,fora,dia,1
photo_1159.jpg,mouse,1,toalha_amarela,fora,dia,2
photo_1160.jpg,mouse,1,toalha_amarela,fora,dia,3
photo_1161.jpg,mouse,3,toalha_amarela,fora,dia,1
photo_1162.jpg,mouse,3,toalha_amarela,fora,dia,2
photo_1163.jpg,mouse,3,toalha_amarela,fora,dia,3
photo_1164.jpg,caneta,1,toalha_amarela,fora,dia,1
photo_1165.jpg,caneta,1,toalha_amarela,fora,dia,2
photo_1166.jpg,caneta,1,toalha_amarela,fora,dia,3
photo_1167.jpg,caneta,4,toalha_amarela,fora,dia,1
photo_1168.jpg,caneta,4,toalha_amarela,fora,dia,2
photo_1169.jpg,caneta,4,toalha_amarela,fora,dia,3
photo_1170.jpg,caneta,3,toalha_amarela,fora,dia,1
photo_1171.jpg,caneta,3,toalha_amarela,fora,dia,2
photo_1172.jpg,caneta,3,toalha_amarela,fora,dia,3
photo_1173.jpg,caneta,2,toalha_amarela,fora,dia,1
photo_1174.jpg,caneta,2,toalha_amarela,fora,dia,2
photo_1175.jpg,caneta,2,toalha_amarela,fora,dia,3
photo_1176.jpg,cumbuca,4,toalha_amarela,fora,dia,1
photo_1177.jpg,cumbuca,4,toalha_amarela,fora,dia,2
photo_1178.jpg,cumbuca,4,toalha_amarela,fora,dia,3
photo_1179.jpg,cumbuca,3,toalha_amarela,fora,dia,1
photo_1180.jpg,cumbuca,3,toalha_amarela,fora,dia,2
photo_1181.jpg,cumbuca,3,toalha_amarela,fora,dia,3
photo_1182.jpg,cumbuca,2,toalha_amarela,fora,dia,1
photo_1183.jpg,cumbuca,2,toalha_amarela,fora,dia,2
photo_1184.jpg,cumbuca,2,toalha_amarela,fora,dia,3
photo_1185.jpg,cumbuca,1,toalha_amarela,fora,dia,1
photo_1186.jpg,cumbuca,1,toalha_amarela,fora,dia,2
photo_1187.jpg,cumbuca,1,toalha_amarela,fora,dia,3
photo_1188.jpg,mouse,2,toalha_marrom,fora,dia,1
photo_1189.jpg,mouse,2,toalha_marrom,fora,dia,2
photo_1190.jpg,mouse,2,toalha_marrom,fora,dia,3
photo_1191.jpg,mouse,3,toalha_marrom,fora,dia,1
photo_1192.jpg,mouse,3,toalha_marrom,fora,dia,2
photo_1193.jpg,mouse,3,toalha_marrom,fora,dia,3
photo_1194.jpg,mouse,4,toalha_marrom,fora,dia,1
photo_1195.jpg,mouse,4,toalha_marrom,fora,dia,2
photo_1196.jpg,mouse,4,toalha_marrom,fora,dia,3
photo_1197.jpg,mouse,1,toalha_marrom,fora,dia,1
photo_1198.jpg,mouse,1,toalha_marrom,fora,dia,2
photo_1199.jpg,mouse,1,toalha_marrom,fora,dia,3
photo_1200.jpg,cumbuca,1,toalha_marrom,fora,dia,1
photo_1201.jpg,cumbuca,1,toalha_marrom,fora,dia,2
photo_1202.jpg,cumbuca,1,toalha_marrom,fora,dia,3
photo_1203.jpg,cumbuca,2,toalha_marrom,fora,dia,1
photo_1204.jpg,cumbuca,2,toalha_marrom,fora,dia,2
photo_1205.jpg,cumbuca,2,toalha_marrom,fora,dia,3
photo_1206.jpg,cumbuca,3,toalha_marrom,fora,dia,1
photo_1207.jpg,cumbuca,3,toalha_marrom,fora,dia,2
photo_1208.jpg,cumbuca,3,toalha_marrom,fora,dia,3
photo_1209.jpg,cumbuca,4,toalha_marrom,fora,dia,1
photo_1210.jpg,cumbuca,4,toalha_marrom,fora,dia,2
photo_1211.jpg,cumbuca,4,toalha_marrom,fora,dia,3
photo_1212.jpg,caneta,2,toalha_marrom,fora,dia,1
photo_1213.jpg,caneta,2,toalha_marrom,fora,dia,2
photo_1214.jpg,caneta,2,toalha_marrom,fora,dia,3
photo_1215.jpg,caneta,4,toalha_marrom,fora,dia,1
photo_1216.jpg,caneta,4,toalha_marrom,fora,dia,2
photo_1217.jpg,caneta,4,toalha_marrom,fora,dia,3
photo_1218.jpg,caneta,1,toalha_marrom,fora,dia,1
photo_1219.jpg,caneta,1,toalha_marrom,fora,dia,2
photo_1220.jpg,caneta,1,toalha_marrom,fora,dia,3
photo_1221.jpg,caneta,3,toalha_marrom,fora,dia,1
photo_1222.jpg,caneta,3,toalha_marrom,fora,dia,2
photo_1223.jpg,caneta,3,toalha_marrom,fora,dia,3
photo_1224.jpg,mouse,1,piso_liso,dentro,dia,1
photo_1225.jpg,mouse,1,piso_liso,dentro,dia,2
photo_1226.jpg,mouse,1,piso_liso,dentro,dia,3
photo_1227.jpg,mouse,4,piso_liso,dentro,dia,1
photo_1228.jpg,mouse,4,piso_liso,dentro,dia,2
photo_1229.jpg,mouse,4,piso_liso,dentro,dia,3
photo_1230.jpg,mouse,3,piso_liso,dentro,dia,1
photo_1231.jpg,mouse,3,piso_liso,dentro,dia,2
photo_1232.jpg,mouse,3,piso_liso,dentro,dia,3
photo_1233.jpg,mouse,2,piso_liso,dentro,dia,1
photo_1234.jpg,mouse,2,piso_liso,dentro,dia,2
photo_1235.jpg,mouse,2,piso_liso,dentro,dia,3
photo_1236.jpg,caneta,3,piso_liso,dentro,dia,1
photo_1237.jpg,caneta,3,piso_liso,dentro,dia,2
photo_1238.jpg,caneta,3,piso_liso,dentro,dia,3
photo_1239.jpg,caneta,1,piso_liso,dentro,dia,1
photo_1240.jpg,caneta,1,piso_liso,dentro,dia,2
photo_1241.jpg,caneta,1,piso_liso,dentro,dia,3
photo_1242.jpg,caneta,4,piso_liso,dentro,dia,1
photo_1243.jpg,caneta,4,piso_liso,dentro,dia,2
photo_1244.jpg,caneta,4,piso_liso,dentro,dia,3
photo_1245.jpg,caneta,2,piso_liso,dentro,dia,1
photo_1246.jpg,caneta,2,piso_liso,dentro,dia,2
photo_1247.jpg,caneta,2,piso_liso,dentro,dia,3
photo_1248.jpg,cumbuca,1,piso_liso,dentro,dia,1
photo_1249.jpg,cumbuca,1,piso_liso,dentro,dia,2
photo_1250.jpg,cumbuca,1,piso_liso,dentro,dia,3
photo_1251.jpg,cumbuca,2,piso_liso,dentro,dia,1
photo_1252.jpg,cumbuca,2,piso_liso,dentro,dia,2
photo_1253.jpg,cumbuca,2,piso_liso,dentro,dia,3
photo_1254.jpg,cumbuca,3,piso_liso,dentro,dia,1
photo_1255.jpg,cumbuca,3,piso_liso,dentro,dia,2
photo_1256.jpg,cumbuca,3,piso_liso,dentro,dia,3
photo_1257.jpg,cumbuca,4,piso_liso,dentro,dia,1
photo_1258.jpg,cumbuca,4,piso_liso,dentro,dia,2
photo_1259.jpg,cumbuca,4,piso_liso,dentro,dia,3
photo_1260.jpg,caneta,3,toalha_amarela,dentro,dia,1
photo_1261.jpg,caneta,3,toalha_amarela,dentro,dia,2
photo_1262.jpg,caneta,3,toalha_amarela,dentro,dia,3
photo_1263.jpg,caneta,2,toalha_amarela,dentro,dia,1
photo_1264.jpg,caneta,2,toalha_amarela,dentro,dia,2
photo_1265.jpg,caneta,2,toalha_amarela,dentro,dia,3
photo_1266.jpg,caneta,4,toalha_amarela,dentro,dia,1
photo_1267.jpg,caneta,4,toalha_amarela,dentro,dia,2
photo_1268.jpg,caneta,4,toalha_amarela,dentro,dia,3
photo_1269.jpg,caneta,1,toalha_amarela,dentro,dia,1
photo_1270.jpg,caneta,1,toalha_amarela,dentro,dia,2
photo_1271.jpg,caneta,1,toalha_amarela,dentro,dia,3
photo_1272.jpg,cumbuca,4,toalha_amarela,dentro,dia,1
photo_1273.jpg,cumbuca,4,toalha_amarela,dentro,dia,2
photo_1274.jpg,cumbuca,4,toalha_amarela,dentro,dia,3
photo_1275.jpg,cumbuca,3,toalha_amarela,dentro,dia,1
photo_1276.jpg,cumbuca,3,toalha_amarela,dentro,dia,2
photo_1277.jpg,cumbuca,3,toalha_amarela,dentro,dia,3
photo_1278.jpg,cumbuca,2,toalha_amarela,dentro,dia,1
photo_1279.jpg,cumbuca,2,toalha_amarela,dentro,dia,2
photo_1280.jpg,cumbuca,2,toalha_amarela,dentro,dia,3
photo_1281.jpg,cumbuca,1,toalha_amarela,dentro,dia,1
photo_1282.jpg,cumbuca,1,toalha_amarela,dentro,dia,2
photo_1283.jpg,cumbuca,1,toalha_amarela,dentro,dia,3
photo_1284.jpg,mouse,2,toalha_amarela,dentro,dia,1
photo_1285.jpg,mouse,2,toalha_amarela,dentro,dia,2
photo_1286.jpg,mouse,2,toalha_amarela,dentro,dia,3
photo_1287.jpg,mouse,1,toalha_amarela,dentro,dia,1
photo_1288.jpg,mouse,1,toalha_amarela,dentro,dia,2
photo_1289.jpg,mouse,1,toalha_amarela,dentro,dia,3
photo_1290.jpg,mouse,3,toalha_amarela,dentro,dia,1
photo_1291.jpg,mouse,3,toalha_amarela,dentro,dia,2
photo_1292.jpg,mouse,3,toalha_amarela,dentro,dia,3
photo_1293.jpg,mouse,4,toalha_amarela,dentro,dia,1
photo_1294.jpg,mouse,4,toalha_amarela,dentro,dia,2
photo_1295.jpg,mouse,4,toalha_amarela,dentro,dia,3
photo_1296.jpg,caneta,4,toalha_marrom,dentro,dia,1
photo_1297.jpg,caneta,4,toalha_marrom,dentro,dia,2
photo_1298.jpg,caneta,4,toalha_marrom,dentro,dia,3
photo_1299.jpg,caneta,1,toalha_marrom,dentro,dia,1
photo_1300.jpg,caneta,1,toalha_marrom,dentro,dia,2
photo_1301.jpg,caneta,1,toalha_marrom,dentro,dia,3
photo_1302.jpg,caneta,2,toalha_marrom,dentro,dia,1
photo_1303.jpg,caneta,2,toalha_marrom,dentro,dia,2
photo_1304.jpg,caneta,2,toalha_marrom,dentro,dia,3
photo_1305.jpg,caneta,3,toalha_marrom,dentro,dia,1
photo_1306.jpg,caneta,3,toalha_marrom,dentro,dia,2
photo_1307.jpg,caneta,3,toalha_marrom,dentro,dia,3
photo_1308.jpg,cumbuca,1,toalha_marrom,dentro,dia,1
photo_1309.jpg,cumbuca,1,toalha_marrom,dentro,dia,2
photo_1310.jpg,cumbuca,1,toalha_marrom,dentro,dia,3
photo_1311.jpg,cumbuca,2,toalha_marrom,dentro,dia,1
photo_1312.jpg,cumbuca,2,toalha_marrom,dentro,dia,2
photo_1313.jpg,cumbuca,2,toalha_marrom,dentro,dia,3
photo_1314.jpg,cumbuca,3,toalha_marrom,dentro,dia,1
photo_1315.jpg,cumbuca,3,toalha_marrom,dentro,dia,2
photo_1316.jpg,cumbuca,3,toalha_marrom,dentro,dia,3
photo_1317.jpg,cumbuca,4,toalha_marrom,dentro,dia,1
photo_1318.jpg,cumbuca,4,toalha_marrom,dentro,dia,2
photo_1319.jpg,cumbuca,4,toalha_marrom,dentro,dia,3
photo_1320.jpg,copo,2,toalha_marrom,dentro,dia,1
photo_1321.jpg,copo,2,toalha_marrom,dentro,dia,2
photo_1322.jpg,copo,2,toalha_marrom,dentro,dia,3
photo_1323.jpg,copo,4,toalha_marrom,dentro,dia,1
photo_1324.jpg,copo,4,toalha_marrom,dentro,dia,2
photo_1325.jpg,copo,4,toalha_marrom,dentro,dia,3
photo_1326.jpg,copo,3,toalha_marrom,dentro,dia,1
photo_1327.jpg,copo,3,toalha_marrom,dentro,dia,2
photo_1328.jpg,copo,3,toalha_marrom,dentro,dia,3
photo_1329.jpg,copo,1,toalha_marrom,dentro,dia,1
photo_1330.jpg,copo,1,toalha_marrom,dentro,dia,2
photo_1331.jpg,copo,1,toalha_marrom,dentro,dia,3
photo_1332.jpg,caneta,2,piso_textura,fora,noite,1
photo_1333.jpg,caneta,2,piso_textura,fora,noite,2
photo_1334.jpg,caneta,2,piso_textura,fora,noite,3
photo_1335.jpg,caneta,1,piso_textura,fora,noite,1
photo_1336.jpg,caneta,1,piso_textura,fora,noite,2
photo_1337.jpg,caneta,1,piso_textura,fora,noite,3
photo_1338.jpg,caneta,4,piso_textura,fora,noite,1
photo_1339.jpg,caneta,4,piso_textura,fora,noite,2
photo_1340.jpg,caneta,4,piso_textura,fora,noite,3
photo_1341.jpg,caneta,3,piso_textura,fora,noite,1
photo_1342.jpg,caneta,3,piso_textura,fora,noite,2
photo_1343.jpg,caneta,3,piso_textura,fora,noite,3
photo_1344.jpg,mouse,1,piso_textura,fora,noite,1
photo_1345.jpg,mouse,1,piso_textura,fora,noite,2
photo_1346.jpg,mouse,1,piso_textura,fora,noite,3
photo_1347.jpg,mouse,3,piso_textura,fora,noite,1
photo_1348.jpg,mouse,3,piso_textura,fora,noite,2
photo_1349.jpg,mouse,3,piso_textura,fora,noite,3
photo_1350.jpg,mouse,2,piso_textura,fora,noite,1
photo_1351.jpg,mouse,2,piso_textura,fora,noite,2
photo_1352.jpg,mouse,2,piso_textura,fora,noite,3
photo_1353.jpg,mouse,4,piso_textura,fora,noite,1
photo_1354.jpg,mouse,4,piso_textura,fora,noite,2
photo_1355.jpg,mouse,4,piso_textura,fora,noite,3
photo_1356.jpg,cumbuca,3,piso_textura,fora,noite,1
photo_1357.jpg,cumbuca,3,piso_textura,fora,noite,2
photo_1358.jpg,cumbuca,3,piso_textura,fora,noite,3
photo_1359.jpg,cumbuca,2,piso_textura,fora,noite,1
photo_1360.jpg,cumbuca,2,piso_textura,fora,noite,2
photo_1361.jpg,cumbuca,2,piso_textura,fora,noite,3
photo_1362.jpg,cumbuca,1,piso_textura,fora,noite,1
photo_1363.jpg,cumbuca,1,piso_textura,fora,noite,2
photo_1364.jpg,cumbuca,1,piso_textura,fora,noite,3
photo_1365.jpg,cumbuca,4,piso_textura,fora,noite,1
photo_1366.jpg,cumbuca,4,piso_textura,fora,noite,2
photo_1367.jpg,cumbuca,4,piso_textura,fora,noite,3
photo_1368.jpg,caneta,2,toalha_amarela,fora,noite,1
photo_1369.jpg,caneta,2,toalha_amarela,fora,noite,2
photo_1370.jpg,caneta,2,toalha_amarela,fora,noite,3
photo_1371.jpg,caneta,1,toalha_amarela,fora,noite,1
photo_1372.jpg,caneta,1,toalha_amarela,fora,noite,2
photo_1373.jpg,caneta,1,toalha_amarela,fora,noite,3
photo_1374.jpg,caneta,4,toalha_amarela,fora,noite,1
photo_1375.jpg,caneta,4,toalha_amarela,fora,noite,2
photo_1376.jpg,caneta,4,toalha_amarela,fora,noite,3
photo_1377.jpg,caneta,3,toalha_amarela,fora,noite,1
photo_1378.jpg,caneta,3,toalha_amarela,fora,noite,2
photo_1379.jpg,caneta,3,toalha_amarela,fora,noite,3
photo_1380.jpg,mouse,1,toalha_amarela,fora,noite,1
photo_1381.jpg,mouse,1,toalha_amarela,fora,noite,2
photo_1382.jpg,mouse,1,toalha_amarela,fora,noite,3
photo_1383.jpg,mouse,4,toalha_amarela,fora,noite,1
photo_1384.jpg,mouse,4,toalha_amarela,fora,noite,2
photo_1385.jpg,mouse,4,toalha_amarela,fora,noite,3
photo_1386.jpg,mouse,3,toalha_amarela,fora,noite,1
photo_1387.jpg,mouse,3,toalha_amarela,fora,noite,2
photo_1388.jpg,mouse,3,toalha_amarela,fora,noite,3
photo_1389.jpg,mouse,2,toalha_amarela,fora,noite,1
photo_1390.jpg,mouse,2,toalha_amarela,fora,noite,2
photo_1391.jpg,mouse,2,toalha_amarela,fora,noite,3
photo_1392.jpg,cumbuca,4,toalha_amarela,fora,noite,1
photo_1393.jpg,cumbuca,4,toalha_amarela,fora,noite,2
photo_1394.jpg,cumbuca,4,toalha_amarela,fora,noite,3
photo_1395.jpg,cumbuca,1,toalha_amarela,fora,noite,1
photo_1396.jpg,cumbuca,1,toalha_amarela,fora,noite,2
photo_1397.jpg,cumbuca,1,toalha_amarela,fora,noite,3
photo_1398.jpg,cumbuca,2,toalha_amarela,fora,noite,1
photo_1399.jpg,cumbuca,2,toalha_amarela,fora,noite,2
photo_1400.jpg,cumbuca,2,toalha_amarela,fora,noite,3
photo_1401.jpg,cumbuca,3,toalha_amarela,fora,noite,1
photo_1402.jpg,cumbuca,3,toalha_amarela,fora,noite,2
photo_1403.jpg,cumbuca,3,toalha_amarela,fora,noite,3
photo_1404.jpg,caneta,2,toalha_marrom,fora,noite,1
photo_1405.jpg,caneta,2,toalha_marrom,fora,noite,2
photo_1406.jpg,caneta,2,toalha_marrom,fora,noite,3
photo_1407.jpg,caneta,1,toalha_marrom,fora,noite,1
photo_1408.jpg,caneta,1,toalha_marrom,fora,noite,2
photo_1409.jpg,caneta,1,toalha_marrom,fora,noite,3
photo_1410.jpg,caneta,4,toalha_marrom,fora,noite,1
photo_1411.jpg,caneta,4,toalha_marrom,fora,noite,2
photo_1412.jpg,caneta,4,toalha_marrom,fora,noite,3
photo_1413.jpg,caneta,3,toalha_marrom,fora,noite,1
photo_1414.jpg,caneta,3,toalha_marrom,fora,noite,2
photo_1415.jpg,caneta,3,toalha_marrom,fora,noite,3
photo_1416.jpg,cumbuca,2,toalha_marrom,fora,noite,1
photo_1417.jpg,cumbuca,2,toalha_marrom,fora,noite,2
photo_1418.jpg,cumbuca,2,toalha_marrom,fora,noite,3
photo_1419.jpg,cumbuca,3,toalha_marrom,fora,noite,1
photo_1420.jpg,cumbuca,3,toalha_marrom,fora,noite,2
photo_1421.jpg,cumbuca,3,toalha_marrom,fora,noite,3
photo_1422.jpg,cumbuca,1,toalha_marrom,fora,noite,1
photo_1423.jpg,cumbuca,1,toalha_marrom,fora,noite,2
photo_1424.jpg,cumbuca,1,toalha_marrom,fora,noite,3
photo_1425.jpg,cumbuca,4,toalha_marrom,fora,noite,1
photo_1426.jpg,cumbuca,4,toalha_marrom,fora,noite,2
photo_1427.jpg,cumbuca,4,toalha_marrom,fora,noite,3
photo_1428.jpg,mouse,3,toalha_marrom,fora,noite,1
photo_1429.jpg,mouse,3,toalha_marrom,fora,noite,2
photo_1430.jpg,mouse,3,toalha_marrom,fora,noite,3
photo_1431.jpg,mouse,2,toalha_marrom,fora,noite,1
photo_1432.jpg,mouse,2,toalha_marrom,fora,noite,2
photo_1433.jpg,mouse,2,toalha_marrom,fora,noite,3
photo_1434.jpg,mouse,4,toalha_marrom,fora,noite,1
photo_1435.jpg,mouse,4,toalha_marrom,fora,noite,2
photo_1436.jpg,mouse,4,toalha_marrom,fora,noite,3
photo_1437.jpg,mouse,1,toalha_marrom,fora,noite,1
photo_1438.jpg,mouse,1,toalha_marrom,fora,noite,2
photo_1439.jpg,mouse,1,toalha_marrom,fora,noite,3
photo_1440.jpg,caneta,1,piso_liso,dentro,noite,1
photo_1441.jpg,caneta,1,piso_liso,dentro,noite,2
photo_1442.jpg,caneta,1,piso_liso,dentro,noite,3
photo_1443.jpg,caneta,2,piso_liso,dentro,noite,1
photo_1444.jpg,caneta,2,piso_liso,dentro,noite,2
photo_1445.jpg,caneta,2,piso_liso,dentro,noite,3
photo_1446.jpg,caneta,4,piso_liso,dentro,noite,1
photo_1447.jpg,caneta,4,piso_liso,dentro,noite,2
photo_1448.jpg,caneta,4,piso_liso,dentro,noite,3
photo_1449.jpg,caneta,3,piso_liso,dentro,noite,1
photo_1450.jpg,caneta,3,piso_liso,dentro,noite,2
photo_1451.jpg,caneta,3,piso_liso,dentro,noite,3
photo_1452.jpg,mouse,3,piso_liso,dentro,noite,1
photo_1453.jpg,mouse,3,piso_liso,dentro,noite,2
photo_1454.jpg,mouse,3,piso_liso,dentro,noite,3
photo_1455.jpg,mouse,1,piso_liso,dentro,noite,1
photo_1456.jpg,mouse,1,piso_liso,dentro,noite,2
photo_1457.jpg,mouse,1,piso_liso,dentro,noite,3
photo_1458.jpg,mouse,2,piso_liso,dentro,noite,1
photo_1459.jpg,mouse,2,piso_liso,dentro,noite,2
photo_1460.jpg,mouse,2,piso_liso,dentro,noite,3
photo_1461.jpg,mouse,4,piso_liso,dentro,noite,1
photo_1462.jpg,mouse,4,piso_liso,dentro,noite,2
photo_1463.jpg,mouse,4,piso_liso,dentro,noite,3
photo_1464.jpg,cumbuca,1,piso_liso,dentro,noite,1
photo_1465.jpg,cumbuca,1,piso_liso,dentro,noite,2
photo_1466.jpg,cumbuca,1,piso_liso,dentro,noite,3
photo_1467.jpg,cumbuca,3,piso_liso,dentro,noite,1
photo_1468.jpg,cumbuca,3,piso_liso,dentro,noite,2
photo_1469.jpg,cumbuca,3,piso_liso,dentro,noite,3
photo_1470.jpg,cumbuca,2,piso_liso,dentro,noite,1
photo_1471.jpg,cumbuca,2,piso_liso,dentro,noite,2
photo_1472.jpg,cumbuca,2,piso_liso,dentro,noite,3
photo_1473.jpg,cumbuca,4,piso_liso,dentro,noite,1
photo_1474.jpg,cumbuca,4,piso_liso,dentro,noite,2
photo_1475.jpg,cumbuca,4,piso_liso,dentro,noite,3
photo_1476.jpg,cumbuca,2,toalha_amarela,dentro,noite,1
photo_1477.jpg,cumbuca,2,toalha_amarela,dentro,noite,2
photo_1478.jpg,cumbuca,2,toalha_amarela,dentro,noite,3
photo_1479.jpg,cumbuca,3,toalha_amarela,dentro,noite,1
photo_1480.jpg,cumbuca,3,toalha_amarela,dentro,noite,2
photo_1481.jpg,cumbuca,3,toalha_amarela,dentro,noite,3
photo_1482.jpg,cumbuca,1,toalha_amarela,dentro,noite,1
photo_1483.jpg,cumbuca,1,toalha_amarela,dentro,noite,2
photo_1484.jpg,cumbuca,1,toalha_amarela,dentro,noite,3
photo_1485.jpg,cumbuca,4,toalha_amarela,dentro,noite,1
photo_1486.jpg,cumbuca,4,toalha_amarela,dentro,noite,2
photo_1487.jpg,cumbuca,4,toalha_amarela,dentro,noite,3
photo_1488.jpg,mouse,4,toalha_amarela,dentro,noite,1
photo_1489.jpg,mouse,4,toalha_amarela,dentro,noite,2
photo_1490.jpg,mouse,4,toalha_amarela,dentro,noite,3
photo_1491.jpg,mouse,1,toalha_amarela,dentro,noite,1
photo_1492.jpg,mouse,1,toalha_amarela,dentro,noite,2
photo_1493.jpg,mouse,1,toalha_amarela,dentro,noite,3
photo_1494.jpg,mouse,2,toalha_amarela,dentro,noite,1
photo_1495.jpg,mouse,2,toalha_amarela,dentro,noite,2
photo_1496.jpg,mouse,2,toalha_amarela,dentro,noite,3
photo_1497.jpg,mouse,3,toalha_amarela,dentro,noite,1
photo_1498.jpg,mouse,3,toalha_amarela,dentro,noite,2
photo_1499.jpg,mouse,3,toalha_amarela,dentro,noite,3
photo_1500.jpg,caneta,4,toalha_amarela,dentro,noite,1
photo_1501.jpg,caneta,4,toalha_amarela,dentro,noite,2
photo_1502.jpg,caneta,4,toalha_amarela,dentro,noite,3
photo_1503.jpg,caneta,3,toalha_amarela,dentro,noite,1
photo_1504.jpg,caneta,3,toalha_amarela,dentro,noite,2
photo_1505.jpg,caneta,3,toalha_amarela,dentro,noite,3
photo_1506.jpg,caneta,1,toalha_amarela,dentro,noite,1
photo_1507.jpg,caneta,1,toalha_amarela,dentro,noite,2
photo_1508.jpg,caneta,1,toalha_amarela,dentro,noite,3
photo_1509.jpg,cumbuca,4,toalha_marrom,dentro,noite,1
photo_1510.jpg,cumbuca,4,toalha_marrom,dentro,noite,2
photo_1511.jpg,cumbuca,4,toalha_marrom,dentro,noite,3
photo_1512.jpg,cumbuca,1,toalha_marrom,dentro,noite,1
photo_1513.jpg,cumbuca,1,toalha_marrom,dentro,noite,2
photo_1514.jpg,cumbuca,1,toalha_marrom,dentro,noite,3
photo_1515.jpg,cumbuca,3,toalha_marrom,dentro,noite,1
photo_1516.jpg,cumbuca,3,toalha_marrom,dentro,noite,2
photo_1517.jpg,cumbuca,3,toalha_marrom,dentro,noite,3
photo_1518.jpg,cumbuca,2,toalha_marrom,dentro,noite,1
photo_1519.jpg,cumbuca,2,toalha_marrom,dentro,noite,2
photo_1520.jpg,cumbuca,2,toalha_marrom,dentro,noite,3
photo_1521.jpg,mouse,3,toalha_marrom,dentro,noite,1
photo_1522.jpg,mouse,3,toalha_marrom,dentro,noite,2
photo_1523.jpg,mouse,3,toalha_marrom,dentro,noite,3
photo_1524.jpg,mouse,4,toalha_marrom,dentro,noite,1
photo_1525.jpg,mouse,4,toalha_marrom,dentro,noite,2
photo_1526.jpg,mouse,4,toalha_marrom,dentro,noite,3
photo_1527.jpg,mouse,2,toalha_marrom,dentro,noite,1
photo_1528.jpg,mouse,2,toalha_marrom,dentro,noite,2
photo_1529.jpg,mouse,2,toalha_marrom,dentro,noite,3
photo_1530.jpg,mouse,1,toalha_marrom,dentro,noite,1
photo_1531.jpg,mouse,1,toalha_marrom,dentro,noite,2
photo_1532.jpg,mouse,1,toalha_marrom,dentro,noite,3
photo_1533.jpg,caneta,1,toalha_marrom,dentro,noite,1
photo_1534.jpg,caneta,1,toalha_marrom,dentro,noite,2
photo_1535.jpg,caneta,1,toalha_marrom,dentro,noite,3
photo_1536.jpg,caneta,4,toalha_marrom,dentro,noite,1
photo_1537.jpg,caneta,4,toalha_marrom,dentro,noite,2
photo_1538.jpg,caneta,4,toalha_marrom,dentro,noite,3
photo_1539.jpg,caneta,3,toalha_marrom,dentro,noite,1
photo_1540.jpg,caneta,3,toalha_marrom,dentro,noite,2
photo_1541.jpg,caneta,3,toalha_marrom,dentro,noite,3
photo_1542.jpg,caneta,2,toalha_marrom,dentro,noite,1
photo_1543.jpg,caneta,2,toalha_marrom,dentro,noite,2
photo_1544.jpg,caneta,2,toalha_marrom,dentro,noite,3
photo_1545.jpg,caneta,2,toalha_amarela,dentro,noite,1
photo_1546.jpg,caneta,2,toalha_amarela,dentro,noite,2
photo_1547.jpg,caneta,2,toalha_amarela,dentro,noite,3
